word,meaning_short,meaning_raw,tsl rank
mister,《M-》…『さん』,"《M-》…『さん』,…氏,…様,…殿,…先生 / 《話》《単独で呼び掛けとして用いて》あなた,君,だんな / 〈C〉…さんと呼ばれるだけの人,普通の人",1
vacation,〈C〉《おもに米》『休暇』,"〈C〉《おもに米》『休暇』,休み(《英》holiday) / 〈C〉〈U〉《文》(部屋・家・土地などを)明け渡すこと,立ちのき;辞職,退任《+of+名》 / (…で)『休暇をとる』《+at(in)+名》",2
client,[『弁護』]『依頼人』,"[『弁護』]『依頼人』,訴訟依頼人 / (商売上の)おとくい(customer)",3
e-book,電子書籍,電子書籍,4
airport,空港,空港,5
memo,メモ,"メモ,覚え書き / (会社内などの)連絡メモ",6
reservation,〈C〉《おもに米》(劇場の座席・ホテルなどの)『予約』,"〈C〉《おもに米》(劇場の座席・ホテルなどの)『予約』,指定;予約されたもの(こと) / 〈C〉《米》(インディアン・軍隊などの)指定保留地 / 〈C〉〈U〉(…についての)疑い,心配《+『about』+『名』(do『ing』)》 / 〈C〉〈U〉留保,制限,条件",7
logical,論理学の ,"論理学の / 論理的な / (論理上)必然の,不可避の",8
fax,ファックス,ファックス,9
o'clock,《時間を表す数と共に》…『時』(じ) ,《時間を表す数と共に》…『時』(じ) / (自分の位置を時計の文字盤の中央に置いて)…時の位置(方角)に,10
sincerely,『真心込めて』,"『真心込めて』,心から",11
sometime,(未来の)『いつか』;そのうち ,"(未来の)『いつか』;そのうち / (過去の)あるとき;以前 / かつての,以前の(former)",12
supervisor,監督者,"監督者,管理人",13
refund,〈金など〉を返済する,"〈金など〉を返済する,払い戻す / (金などの)返済,払い戻し;返済金,払い戻し金",14
goods,(不動産以外の)財産,"(不動産以外の)財産,(金・証券以外の)動産 / 『商品』,品物 / 《米》反物,織物 / 《英》(鉄道で運ばれる)貨物",15
workshop,仕事場,"仕事場,工作場 / 《米》(セミナー形式の)研究会,討論会",16
downtown,(都市の中心の)商業地区へ(で),"(都市の中心の)商業地区へ(で),町の中心街へ(で) / 商業地区の(にある),町の中心街の(にある) / (市の中心街をなす)商業地区,下町",17
deadline,最終期限;(新聞・雑誌などの)原稿〆切(締切)時間・最終期限,最終期限;(新聞・雑誌などの)原稿〆切(締切)時間・最終期限,18
invoice,送り状(値段や輸送料をつけて,"送り状(値段や輸送料をつけて,買い手に送る品物のリスト) / …の送り状を作る",19
brochure,小冊子,"小冊子,パンフレット(pamphlet)",20
noon,(また『noonday,"(また『noonday,noontide,noontime』)『正午』;真昼(midday) / 《the noon》(…の)最盛期《+『of』+『名』》",21
accountant,会計係,"会計係,会計士,計理士",22
clerk,(銀行・会社の)行員,"(銀行・会社の)行員,社員;事務員 / (官庁の)『書記』,事務官,吏員;(教会の)書記 / 《米》『店員』,売り子(=salesclerk)(《英》shop assistant) / 事務員(書記など)として働く",23
lobby,『ロビー』(公共的建物・ホテルの玄関から部屋へ行くまでの間の広間または廊下) ,"『ロビー』(公共的建物・ホテルの玄関から部屋へ行くまでの間の広間または廊下) / 《《米》単数・複数扱い》(院外の)圧力団体,陳情団 / (英国で) / (下院で議案裁決のとき,賛否に分かれる)投票者控え室 / (議員が院外者との会見に用いる議事堂の)ロビー,控えの間 / (陳情・運動のため議員に)働きかける《+『for』+『名』》 / 〈議案〉を議員に運動して通過させようとする",24
publish,〈本・雑誌など〉を『出版する』,"〈本・雑誌など〉を『出版する』,発行する;〈作家など〉の作品を出版する / …を一般に知らせる,公表する / 出版する,発行する",25
résumé,履歴書,履歴書,26
enclose,(さく・壁などで)…を『囲む』(surround)《+『名』+『with』(『by』)+『名』》 ,(さく・壁などで)…を『囲む』(surround)《+『名』+『with』(『by』)+『名』》 / (手紙などに)…を『同封する』《+『名』+『with』(『in』)+『名』》,27
applicant,(…に対する)志願者,"(…に対する)志願者,応募者《+『for』+『名』》",28
seminar,(指導教授のもとで行う大学の)研究(演習)グループ,"(指導教授のもとで行う大学の)研究(演習)グループ,研究会,演習,セミナー,ゼミナール",29
technician,(科学・職業上の)専門家,"(科学・職業上の)専門家,専門技術者 / (音楽・美術などの)技巧派",30
cloth,〈U〉『布』,"〈U〉『布』,生地,織物 / 〈C〉(特定の用途に応じる大きさの)『布地』;(特に)テーブル掛け(table cloth),ふきん(dishcloth),ぞうきん(duster) / 〈U〉布表紙,クロース / 〈U〉ラシャ / 〈C〉黒の聖服;《文》《the~》聖職",31
fare,〈C〉(乗り物の)『料金』,"〈C〉(乗り物の)『料金』,運賃 / 〈C〉(料金を払って乗る乗客) / 〈U〉食物,料理 / 〈人が〉やっていく / 《古・文》《itを主語にして》〈事が〉運ぶ,成り行く",32
receipt,〈C〉『領収書(証)』 ,"〈C〉『領収書(証)』 / 〈C〉《複数形で》(取引の)受取高,収入金額 / 〈U〉(…を)受け取ること,(…の)受領《+『of』+『名』》 / 〈金・品物〉の領収書(証)を出す / 〈請求書〉に領収の署名をする,受領済みと書く",33
traveler,旅行者,旅行者,34
caller,訪問客,"訪問客,来訪者 呼ぶ人(物) (スクエアダンスで)ステップを大声で指示する人",35
subway,《米》『地下鉄』(《英》underground,"《米》『地下鉄』(《英》underground, tube) / 地下道(underpass)",36
luggage,《おもに英》『手荷物』,"《おもに英》『手荷物』,小荷物,トランク・スーツケースなどの旅行かばん類",37
shipment,〈U〉船積み,"〈U〉船積み,積み込み,荷送り / 〈C〉積み荷;積み荷量",38
infer,…を『推論する』,"…を『推論する』,推量する",39
waiter,(料理店などの)『給仕人』,"(料理店などの)『給仕人』,ウエーター / (食物を運ぶ)給仕盆",40
rental,〈C〉賃貸料,"〈C〉賃貸料,地代,家賃 / 〈U〉(…を)借りる(貸す)こと,(…の)家賃,賃借《+『of』+『名』》 / 〈C〉《米》賃貸するもの(家・土地・車など) / 賃貸の",41
warranty,(売り渡し品の)保証《+on+名》 ,"(売り渡し品の)保証《+on+名》 / (…の)正当な理由,根拠《+for+名》",42
cafeteria,『カフェテリア』(セルフサービスの簡易食堂),『カフェテリア』(セルフサービスの簡易食堂),43
chef,コック長,"コック長,料理長 / コック,料理人",44
elevator,《米》『エレベーター』,"《米》『エレベーター』,昇降機(《英》lift) / (揚げ下ろしの設備のある)穀物倉庫 / (飛行機の)昇降舵(だ)",45
reception,(…を)『受け取ること』,"(…を)『受け取ること』,(…の)受け入れ,受付《+『of』+『名』》 / 〈C〉受け入れられかた,待遇 / 〈C〉歓迎会,レセプション / 〈U〉(ラジオ・テレビなどの)『受信』[状態],受像能力",46
correctly,正しく,"正しく,正確に;正確に言えば",47
lease,借地(借家)契約,"借地(借家)契約,借地(借家)権 / 借用期間 / (…に)〈土地・家屋など〉を賃貸する《+『名』+『to』+『名』》 / (…から)…を賃借りする《+『名』+『from』+『名』》",48
bicycle,(2輪の)『自転車』 ,"(2輪の)『自転車』 / 自転車に乗る,自転車で行く",49
notify,〈人〉に『知らせる』,"〈人〉に『知らせる』,通報する(inform)",50
preview,下見、プレビュー,下見、プレビュー,51
attendant,『付き添いの』;付随する ,"『付き添いの』;付随する / 出席の,列席している / 『付き添い人』,随行者,お供 / 出席者 / 案内係,(ホテル・店などの)従業員,店員",52
subscription,〈U〉(雑誌・切符などの)『予約』;(慈善事業などへの)寄付申込み《+to+名》 ,"〈U〉(雑誌・切符などの)『予約』;(慈善事業などへの)寄付申込み《+to+名》 / 〈C〉(…への)『寄付金』,〈U〉寄付《+to+名》 / 〈C〉(募金によって集められた)資金,寄金 / 〈C〉《話》署名",53
convenient,(物事が)『便利な』,"(物事が)『便利な』,使いやすい / 《補語にのみ用いて》(場所が)(…に)近い,近くて便利な《+『to』(『for』)+『名』》",54
manual,手でする,"手でする,手細工の / 便覧,手引き,案内書 / (オルガンの)けん盤",55
clue,(問題・なぞなどを解く)『手がかり』,"(問題・なぞなどを解く)『手がかり』,(研究などの)『糸口』,端緒;(話などの)筋道《+『to』+『名』》 / =ciew1 / =clew3 / 《『clue in』(『up』)+『名,clue』+『名』+『in』(『up』)》(…について)…に手掛かり(情報)を与える《+『about』(『on』)+『名』》",56
garage,(自動車の)『車庫』 ,(自動車の)『車庫』 / 自動車修理場 / 〈車〉を車庫に入れる(入れておく),57
obtain,(努力して)…を『得る』,"(努力して)…を『得る』,手に入れる / 《『obtain』+『名』〈人〉+『名』=『obtain』+『名』+『for』+『名』〈人〉》〈物事が〉〈人〉に…を得させる,もたらす / 《文》〈習慣・制度などが〉一般に実われている",58
oval,卵形の ,卵形の / 長円形の / 〈C〉卵形(長円形)のもの,59
inventory,〈C〉(商品・財産などの)目録《+『of』+『名』》 ,"〈C〉(商品・財産などの)目録《+『of』+『名』》 / 《集合的に》在庫品;資産 / 〈U〉在庫品調べ,たな卸し / 〈財産・商品など〉の目録を作る,品調べをする",60
outdoor,『戸外の』,"『戸外の』,野外の",61
suitcase,スーツケース,"スーツケース,(長方形で平たい)小型旅行かばん",62
destination,(旅行・航海などの)『目的地』,"(旅行・航海などの)『目的地』,行き先;(物の)『送付先』,到着地",63
occupation,〈C〉『職業』,"〈C〉『職業』,仕事 / 〈C〉時間の使い方 / 〈U〉(…を)『占有すること』,(軍隊が)(…を)占領すること《+『of』+『名』》",64
postpone,…を『延期する』,"…を『延期する』,延ばす",65
contradict,〈報道・人の言説など〉を否定する,"〈報道・人の言説など〉を否定する,反ばくする(deny) / 〈陳述が〉…と矛盾する,相反する / 反ばくする",66
umbrella,傘(かさ),"傘(かさ),こうもり傘,雨傘,日傘 / (一般に,傘状の)保護物,影響力",67
inference,〈U〉推量,"〈U〉推量,推論,推測 / 〈C〉推量の結果,結論",68
cellphone,携帯電話,携帯電話,69
compact,『ぎっしり詰まった』,"『ぎっしり詰まった』,目詰んだ,緊密な;(体格が)引き締まった / こぢんまりして経済的な,小さくまとまった / (文体などが)簡潔な / …をぎっしり詰める;…を圧縮する / コンパクト(鏡,おしろい,パフの携帯用ケース) / 中型自動車(compact car) / 契約,盟約 / (…と)契約する《+『with』+『名』》",70
merchandise,(集合的に)『商品』(goods) ,(集合的に)『商品』(goods) / …を売買する / (広告などをして)…の販売を促進する / 商売をする,71
receptionist,(ホテル・病院・事務所などの)受付係,(ホテル・病院・事務所などの)受付係,72
dentist,『歯科医』,"『歯科医』,歯医者",73
identification,〈U〉同一であることの確認(証明),"〈U〉同一であることの確認(証明),身元確認,身分証明 / 身分証明書",74
coupon,クーポン(切り取って使う切符) ,"クーポン(切り取って使う切符) / (広告・商品につく)景品引き換え券,優待券 / (公債の)利札(りふだ)",75
depart,《文》(…から)(遠くへ)『立ち去る』,"《文》(…から)(遠くへ)『立ち去る』,出発する《+『from』+『名』》 / (通常のことから)『はずれる』,変わる《+『from』+『名』》",76
reschedule,予定を変更する,予定を変更する,77
tactic,戦術、駆け引き,戦術、駆け引き,78
renovation,刷新(修繕)すること ,"刷新(修繕)すること / 復活,回復",79
upgrade,上りこうばい,"上りこうばい,上り坂 / 上り坂の,上り坂にある / 〈人〉を昇格させる / …の品質を改良する",80
precede,…より『先に来る』(『行く』) ,"…より『先に来る』(『行く』) / …の上位である,より重要である / …に先だつ,の先に起こる / (…で)…に前置をする《+『名』+『with』+『名』》 / 先行する,先に(前に)来る",81
replacement,置き換わること,"置き換わること,取り替えること,元へ戻すこと;返済・置き換わる物(人),代理;補充員;補充物",82
dine,(一日のおもな食事として)正餐(晩餐)をとる,(一日のおもな食事として)正餐(晩餐)をとる,83
passport,『旅券』,"『旅券』,パスポート / 《単数形で》(…への)手段,便法《+『to』+『名』》",84
coworker,協力者;仕事仲間,協力者;仕事仲間,85
upcoming,なって来る,"なって来る,やがて起こる(現れる),まもなく公開される",86
cabinet,『キャビネット』(引出し・たな・仕切などのある箱・戸だな) ,"『キャビネット』(引出し・たな・仕切などのある箱・戸だな) / 《しばしばCabinet》《集合的に》《単数・複数扱い》『内閣』,(内閣の)閣僚連 / 《英》閣議 / 《古》小さい個室",87
appliance,(特に家庭で用いる)器具,"(特に家庭で用いる)器具,機械,装置",88
explanatory,解説の,"解説の,説明に役立つ",89
instructor,教師,"教師,指導者 / 《米》(大学の)専任講師(assistant professorの下位の職)",90
keyboard,(ピアノ・タイプライターなどの)鍵盤(けんばん) ,(ピアノ・タイプライターなどの)鍵盤(けんばん) / (計算器・コンピューターなどの)キーをたたいて〈情報〉を入れる / (計算器・コンピューターなどの)キーをたたく,91
media,mediumの複数形,mediumの複数形,92
supermarket,『スーパーマーケット』(食料品や家庭用品などを売るセルフサービス式の大型小売店),『スーパーマーケット』(食料品や家庭用品などを売るセルフサービス式の大型小売店),93
valid,(理論・理由などが)『妥当な』,"(理論・理由などが)『妥当な』,しっかりした根拠のある / (契約・法律などが)『合法的な』,正式な手続きを踏んだ / (ある期間,またある条件のもとで)有効な",94
admission,〈U〉(場所・学校・会などへ)『入ることを許すこと』,"〈U〉(場所・学校・会などへ)『入ることを許すこと』,入場(入学,入会)許可,(…へ)入る権利《+『to』+『名』》 / 〈U〉(…への)入場料,入学(入会)金《+『to』+『名』》 / 〈C〉(事実・誤りなどを)認めること,白状,容認",95
laptop,ノートパソコン,ノートパソコン,96
underline,〈語句〉に『下線を引く』 ,"〈語句〉に『下線を引く』 / …を強調する / (強調または斜体字を示す)下線,アンダーライン",97
electrical,電気と関係のある ,電気と関係のある / 電気を扱う,98
airplane,『飛行機』(《英》aeroplane),『飛行機』(《英》aeroplane),99
assignment,〈C〉割り当てられた仕事(持ち場,"〈C〉割り当てられた仕事(持ち場,任務);《米》(学校の)宿題 / 〈U〉(仕事などに)任命する(される)こと,(日時などを)指定すること《+『to』+『名』》",100
exit,『出口』 ,"『出口』 / 退出,退去;(舞台からの俳優の)退場 / (台本のト書きで)退場する",101
attendee,出席者,出席者,102
cruise,(特定の目的地を決めずに)〈船・飛行機が〉巡航(遊航)する;〈タクシーが〉流す ,(特定の目的地を決めずに)〈船・飛行機が〉巡航(遊航)する;〈タクシーが〉流す / 〈車・飛行機などが〉巡航(経済的な)速度で進む / 〈ある地域〉を巡航(巡回)する / 〈飛行機・車など〉を巡航(経済的な)速度で進ませる / (レジャーを目的とした)巡洋航海,103
birthday,『誕生日』,『誕生日』,104
café,カフェ、喫茶店,カフェ、喫茶店,105
comprehension,〈U〉理解 ,〈U〉理解 / 〈C〉読解問題,106
mall,木陰の散歩道;遊歩道 ,木陰の散歩道;遊歩道 / 《米》歩行者専用の商店街・ショッピングモール,107
medication,〈C〉〈U〉薬剤,"〈C〉〈U〉薬剤,医薬品 / 〈U〉薬剤を添加(投入)すること;薬物治療",108
recycle,〈廃物など〉を再利用する,〈廃物など〉を再利用する,109
renew,…を『新しくする』 ,"…を『新しくする』 / 〈若さなど〉を取り戻す,回復する / …を『再び始める』 / …を継続する,更新する,〈契約書など〉を書き替える / …を新しいのと取り替える…を補充する",110
tenant,『借地人』,"『借地人』,『借家人』;小作人 / (…の)居住者《+of+名》 / 〈土地・家〉を借りる",111
sandwich,『サンドイッチ』 ,"『サンドイッチ』 / サンドイッチのようにはさまれた物 / (…の間に)…をはさむ,(時間的に)…を差し込む《+『名』+『between』+『名』》",112
departure,(…から)(遠くへ)『立ち去ること』,"(…から)(遠くへ)『立ち去ること』,『出発』《+『from』+『名』》 / (通常のことから)『はずれること』,逸脱《+『from』+『名』》 / (方針・考えなどの)新機軸,新方針",113
mini,ミニスカート ,ミニスカート / ミニカー / (一般に)小型の物,114
fitness,(…を)適性,"(…を)適性,ふさわしさ《+『for』+『名』》 / 体調の良いこと",115
inconvenience,〈U〉(…に)不便,"〈U〉(…に)不便,不都合,不自由《+『to』+『名』》 / 〈C〉不便(不自由)な事(物) / 〈人〉に不便を感じさせる,迷惑をかける(disturb)",116
banquet,(公式の)『宴会』 ,(公式の)『宴会』 / …のために宴会を開く / 宴会に列席する,117
closet,《おもに米》(衣類・食料などを入れる)『戸棚』,"《おもに米》(衣類・食料などを入れる)『戸棚』,物置き,納戸(なんど) / 《まれ》(一般に読書・打ち合わせ,特に祈り・瞑想に用いる)小室,小部屋 / 《古》便所 / …を私室に閉じ込める / 私室で使う(楽しむ)のにふさわしい",118
unreal,実体のない;非現実的な,"実体のない;非現実的な,架空の / 信じられぬほどすばらしい",119
distractor,気を散らすもの、(テストの)誤答の選択肢,気を散らすもの、(テストの)誤答の選択肢,120
expire,〈期限などが〉『満了する』,"〈期限などが〉『満了する』,〈契約が〉切れる / 《文》『息を吐き出す』 / 《文》息を引き取る,死ぬ / 〈息〉を吐き出す",121
folder,紙ばさみ ,"紙ばさみ / (印刷した1枚の紙を数ページに折り畳んだ)折り本;折り畳み広告,折り畳み時間表,折り畳み地図 / 折り畳む人;(紙などの)折り畳み機",122
photocopy,〈文書など〉を写真複写する,"〈文書など〉を写真複写する,コピーする / 写真複写",123
renovate,…を元どおりに新しくする,"…を元どおりに新しくする,修復する",124
sunny,(天候・場所などが)『日のよくさす(当たる)』 ,"(天候・場所などが)『日のよくさす(当たる)』 / 雲のない / (物事が)明るい,陽気な,快活な",125
calendar,〈C〉『暦』,"〈C〉『暦』,カレンダー / 〈U〉暦法 / 〈C〉年中行事表;訴訟事件表,議事日程表",126
donation,寄贈,"寄贈,寄付 / 寄付金,寄贈品",127
feedback,フィードバック(電子工学で,"フィードバック(電子工学で,ある回路の出力側のエネルギーの一部を入力側へ戻し,出力の制御,修正をすること;社会学・心理学・生物などで,結果によって原因を自動的に調整する動作) / 《話》(…についての)反応《+『about』+『名』》",128
shortly,『まもなく』(in a short time),"『まもなく』(in a short time),すぐに(soon) / 『手短に』,簡潔に(briefly) / 無愛想に,そっけなく",129
snack,(特に食事と食事の間にとる)『軽食』,"(特に食事と食事の間にとる)『軽食』,スナック / 軽い食事をとる;間食する",130
warehouse,倉庫 ,"倉庫 / 〈商品など〉を倉庫に入れる,貯蔵する",131
copier,複写する人;複写機 ,複写する人;複写機 / まねする人,132
provider,供給者,供給者,133
beverage,《文》『飲み物』,"《文》『飲み物』,飲料(drink)",134
hungry,『飢えた』,"『飢えた』,空腹の;空腹にさせる / 《補語にのみ用いて》(…を)熱望して,渇望して《+『after』(『for』)+『名』》 / (土地などが)不毛の,やせた",135
inspection,検査,"検査,点検;視察",136
recipient,(…の)受取人《+『of』+『名』》,(…の)受取人《+『of』+『名』》,137
aisle,(教会・劇場・列車・旅客機などの)座席間の通路 ,(教会・劇場・列車・旅客機などの)座席間の通路 / 側廊(教会堂で本堂(nave)の両側にある通路),138
inspect,…を『検査する』,"…を『検査する』,念入りに調べる / (公式に)…を視察する",139
mechanic,『機械工』,"『機械工』,職工",140
merger,(特に二つ以上の会社・組織の)吸収合併,(特に二つ以上の会社・組織の)吸収合併,141
soccer,『サッカー』,『サッカー』,142
sweater,『セーター』,『セーター』,143
ingredient,(混合物の)成分,"(混合物の)成分,原料 / 構成要素",144
rewrite,…を『書き直す』 ,…を『書き直す』 / 《米》〈記者からの報告〉を新聞記事に書き直す / 書き直されたもの / 《米》(書き直された)記事,145
itinerary,旅程,"旅程,旅行日程 / 旅日記 / 旅行案内",146
workplace,職場,職場,147
architect,『建築家』,"『建築家』,建築技師 / (特に長期にわたる作業計画・事業などの)創始者,創案者,計画者",148
convenience,〈U〉『都合のよいこと』,"〈U〉『都合のよいこと』,便利,便宜・〈C〉『便利なもの』;好都合な事情;《複数形で》衣食住の便,便利な設備・《英》《文》=public convenience",149
eligible,適格な,"適格な,適任の,選ばれる資格のある / 有資格者,適格者",150
indoor,『室内の』,"『室内の』,『屋内の』",151
baggage,〈U〉《米》《集合的に》(旅行用)『手荷物』(《英》luggage) ,"〈U〉《米》《集合的に》(旅行用)『手荷物』(《英》luggage) / 〈U〉軍用行李(こうり) / 〈U〉《おどけて》おてんば娘《形容詞的に》『baggage check』{名}〈C〉《米》手荷物チッキ,手荷物受取所『baggage claim』{名}〈C〉(空港の)手荷物受取の所『baggage room』{名}〈C〉《米》(駅の)手荷一時預り所",152
dial,(時計の)『文字盤』;(各種計器類の)目盛り盤,"(時計の)『文字盤』;(各種計器類の)目盛り盤,指針盤 / (ラジオ・テレビの)『ダイヤル』 / (電話の)ダイヤル / 日時計(sundial) / 〈ラジオ・テレビ〉のダイヤルを回す;〈番組・波長〉にダイヤルを合わせる / 〈電話・番号〉のダイヤルを回す;〈人〉に電話をかける / (電話の)ダイヤルを回す",153
container,容器,"容器,入れ物(箱・かんなど);(貨物輸送用の)コンテナ",154
drawer,〈C〉『引き出し』 ,〈C〉『引き出し』 / 〈C〉引っ張る人 / 《複数形で》ズロース,155
lab,実験室(laboratory),実験室(laboratory),156
submission,服従,"服従,屈服,降伏 / 従順 / (考慮・決定を求めて書類などの)提出,提示《+of+名》",157
bulletin,『公報』;速報 ,"『公報』;速報 / (学会の)『会報』,紀要",158
certificate,『証明書』,"『証明書』,証書,証券 / 『免許証』,認許状,(学位を伴わない)修業証書",159
gym,〈C〉=gymnasium 1 ,〈C〉=gymnasium 1 / 〈U〉(学科目の)体操(gymnastics),160
highway,(特に都市間を結ぶ)『幹線道路』,"(特に都市間を結ぶ)『幹線道路』,公道 / 《比喩(ひゆ)的に》楽な道",161
respondent,答える,"答える,応答する / 反応する / (特に離婚裁判の)被上訴人,被告,被告人",162
jewelry,宝石類,宝石類,163
overtime,超過勤務[時間] ,"超過勤務[時間] / 超過勤務手当 / (勝負が決まらない時の)延長時間,延長戦 / 超過勤務の / 規定時間外に",164
battery,〈C〉砲兵中隊;砲列,"〈C〉砲兵中隊;砲列,砲台;(軍艦の)備砲 / 〈C〉『電池』,バッテリー / 〈C〉一組みの器具;(関連するものの)一群,一連《+『of』+『名』》 / 〈C〉(野球で)バッテリー(投手と捕手) / 〈U〉(法律用語で)殴打,暴行",165
donate,(…に)…を寄贈する,"(…に)…を寄贈する,寄付する《+『名』+『to』+『名』》 / (…に)寄贈(寄付)する《+『to』+『名』》",166
outstanding,『目立つ』,"『目立つ』,顕著な,傑出して / 残っている,未決の,未払いの",167
skim,〈液体〉から『上澄みを取る』,"〈液体〉から『上澄みを取る』,浮遊物をすくい取る / (液体から)〈浮遊物〉を『すくい取る』,〈上澄み〉を取る《+『名』+『from』(『off』)+『名』》 / …を『ざっと読む』 / 〈水面など〉を『滑るように進む』,かすめて飛ぶ;(水面などすれすれに)…を飛ばす(skip) / 《副詞[句]を伴って》『滑るように進む』,かすめて飛ぶ / (…を)ざっと読む《+『through』(over)+『名』(do『ing』)》 / (牛乳が)脱脂の(skimmed)",168
briefcase,ブリーフケース(書類などを入れるおもに皮製の平たいかばん),ブリーフケース(書類などを入れるおもに皮製の平たいかばん),169
dessert,『デザート』(食事の最後のコースとして出るくだもの・菓子・ナッツなど,"『デザート』(食事の最後のコースとして出るくだもの・菓子・ナッツなど,アメリカではパイやプディングやアイスクリームをよく出す)",170
impact,〈U〉〈C〉(…の…に対する)衝突,"〈U〉〈C〉(…の…に対する)衝突,衝撃《+『of』+『名』+『against』(『on』,『upon』,『with』)+『名』》 / 〈C〉(…の…に対する)影響(influence)影響力《+『of』+『名』+『on』(『upon, against』)+『名』》",171
innovative,革新的な,革新的な,172
inquire,…を『尋ねる』,"…を『尋ねる』,問う / 尋ねる,問い合わせる",173
overnight,『一晩じゅう』,"『一晩じゅう』,夜通し / 一夜のうちに;にわかに,急に / 一晩(一夜) / 夜間の;夜通しの / 小旅行用の,短期宿泊用の",174
venue,行為地(犯罪・不法行為などの発生地) ・現場 ,"行為地(犯罪・不法行為などの発生地) ・現場 / 裁判地(裁判の行われる場所)会合場所; 開催地,予定地; (仕事などの)場所 〈米〉立場、意見 「a change of venue」で「会合場所の変更・ 裁判地の変更」",175
commuter,定期券使用者,"定期券使用者,(郊外からの)通勤者",176
logo,ロゴ,ロゴ,177
newsletter,(定期講読者向けの)時事通信;社報,"(定期講読者向けの)時事通信;社報,公報,回報,PR誌",178
advisor,助言者、顧問,助言者、顧問,179
cartridge,弾薬筒,"弾薬筒,薬包 / (インク・フィルム・レコード用針など差し換えができる)カートリッジ,(録音・録画テープの)カセット",180
cloudy,(空などが)『曇った』 ,"(空などが)『曇った』 / (煙などが)雲のような;(川・水などが)濁った;(大理石などが)曇りのうる / (言葉などが)はっきりしない;(心などが)曇った,陰うつな",181
photographer,写真をとる人,"写真をとる人,(特にプロの)写真家",182
shopper,買物客,買物客,183
tag,(名前・番号・定価などを記した)札,"(名前・番号・定価などを記した)札,下げ札,荷札 / (服などの)切れて垂れ下がった端;(靴ひもなどの)先金 / (特にラテン語引用句の)きまり文句 / =question tag / …に下げ札をつける / (…に)…をつける,加える《+名+on(to)+名》 / 〈人〉に(…の)レッテルをはる《+名+as+名(形)》 / 人の後にくっついて行く《+along》;(人の)すぐ後について行く《+after(behind)+名》 / 鬼ごっこ / (野球で)タッチアウトにすること / (鬼ごっこで)〈相手〉を捕まえる / (野球で)〈ランナー〉をタッチアウトにする《+out+名,+名+out》",184
announcer,知らせる人,"知らせる人,告知者 / (ラジオ・テレビの)『アナウンサー』",185
aspect,〈C〉〈U〉《文》(人の)『顔つき』,"〈C〉〈U〉《文》(人の)『顔つき』,『表情』 / 〈C〉〈U〉(物の)『外観』,『様子』 / 〈C〉(思想・状況・計画などの)『様相』,局面,面 / 〈C〉(家・部屋などの)向き,方向",186
audit,会計検査(監査) ,会計検査(監査) / 決算報告[書] / …の会計検査(監査)をする / 《米》(大学の講義)を聴講する / 会計検査(監査)をする,187
contractor,契約人,"契約人,請負人;建設業者 / 収縮する物;(特に)収縮筋",188
download,ダウンロードする,ダウンロードする,189
password,(敵味方を識別する)合い言葉(watchword),(敵味方を識別する)合い言葉(watchword),190
prohibit,(法律あるいは権威をもって)…を『禁止する』,"(法律あるいは権威をもって)…を『禁止する』,禁ずる(forbid) / 〈物事が〉…を『妨げる』",191
stadium,『競技場』,"『競技場』,スタジアム,球場",192
terminal,『終りの』,"『終りの』,末端の / 毎期の,定期の;学期末の / 『死に至る』 / 末端 / (電池の)端子 / (町の中心に近い)空港バス発着場;(一般に,鉄道・バスの)終点,終着駅",193
weekday,〈C〉(日曜日,"〈C〉(日曜日,時に weekend 以外の)『平日』",194
bonus,ボーナス,"ボーナス,特別手当;特別配当金 / 景品,おまけ / 《話》思いがけない喜び[を与えるもの]",195
cart,(1頭立ての)『二輪車』,"(1頭立ての)『二輪車』,荷馬車,荷車 / 手押し車 / …を積んで運ぶ / (苦労して)〈物〉をかかえて運ぶ / 《話》…を引きずっていく《+『名』+『off』,+『off』+『名』》",196
delicious,『おいしい』 ,"『おいしい』 / 香りのよい / 喜ばしい,快い",197
ink,(筆記用・印刷用)の『インク』 ,"(筆記用・印刷用)の『インク』 / (イカなどの出す)墨 / …をインクで書く(塗る,しるす,汚す)",198
supervise,〈労働者・仕事など〉を監督する,"〈労働者・仕事など〉を監督する,管理する / 監督(管理)する",199
waitress,(レストランなどの)『女給仕人』,"(レストランなどの)『女給仕人』,ウエートレス",200
cleaner,掃除機 ,掃除機 / (また『cleaner's』)クリーニング屋(店) / クリーニングする人;清掃作業員 / 洗剤,201
developer,〈C〉開発者,"〈C〉開発者,啓発者;宅地開発(造成)業者 / 〈U〉(写真の)現像液",202
headquarter,本部を置く(通常はheadquartersで本部),本部を置く(通常はheadquartersで本部),203
shuttle,(織機の)杼(ひ)(縦糸の間を走り横糸を通す器具) ,"(織機の)杼(ひ)(縦糸の間を走り横糸を通す器具) / (ミシンの)シャトル(下糸を入れる器具) / (特に短距離の)定期往復列車(バス,飛行機)便 / …を前後(左右)に動かす,往復させる / 行ったり来たりする,左右に動く",204
stationery,《集合的に》文房具 ,《集合的に》文房具 / (特に)便せん及び封筒類,205
subscribe,(雑誌・切符などを)『予約する』《+to(for)+名》 ,"(雑誌・切符などを)『予約する』《+to(for)+名》 / (…に)『寄付(出資)を約束する』,寄付(出資)する《+to(for)+名》,(…を)寄付する《+for+名》 / (書類などの終りに)署名する《+to+名》 / (…に)同意する,賛成する《+to+名》 / (…に)〈金〉の寄付(支払い)を約束する,を寄付する,支払う《+名+to(for)+名》 / 〈書類〉に署名する;〈自分の名前〉を書く(sign)",206
alike,『同じように』,"『同じように』,等しく(similarly) / (複数の人・物が)似ている(similar)",207
flavor,風味、味,風味、味,208
picnic,『ピクニック』,"『ピクニック』,(野外の食事を伴う)遠足 / 《話》《通例否定文で単数形で用いて》楽な仕事,楽しい時 / ピクニックに行く",209
recipe,(食物・飲物などの)作り方,"(食物・飲物などの)作り方,処方《+『for』+『名』》 / (…の)秘けつ,妙法《+『for』+『名』》",210
refreshment,〈U〉『元気回復』,"〈U〉『元気回復』,気分爽快(そうかい);元気を回復した状態 / 〈C〉『元気を回復させるもの』 / 〈U〉(ばく然と)飲食物;《複数形で》軽い飲食物,軽食",211
administrative,『行政上の』;『管理の』,"『行政上の』;『管理の』,経営の",212
authorize,〈人〉に(…する)権限を与える《+『名』〈人〉+『to』 do》 ,"〈人〉に(…する)権限を与える《+『名』〈人〉+『to』 do》 / 〈物事〉を正式に認可する,公認する;(慣例によって)…を認める",213
commonly,『一般に』,"『一般に』,通例,普通 / 俗に,下品に",214
distribution,〈U〉(…への)『配分』,"〈U〉(…への)『配分』,『分配』,配布,配達《+『to』+『名』》 / 〈U〉分布;分布区域 / 〈C〉配分されたもの,配給品 / 〈U〉(商品の)流通[組織,機構]",215
sofa,『長いす』,"『長いす』,ソファー",216
accommodate,(人などを)宿泊させる,"(人などを)宿泊させる,収容する,適応させる,調停する",217
affordable,手頃な価格の,手頃な価格の,218
annoy,《しばしば受動態で》〈物事が〉…を『困らせる』,"《しばしば受動態で》〈物事が〉…を『困らせる』,悩ませる,いらいらさせる",219
commute,《文》(別のものに)…を振り替える,"《文》(別のものに)…を振り替える,切り替える《+『名』+『to』(『for』)+『名』》 / 〈刑罰・責務など〉を(軽いものに)代える《+『名』+『to』(『into』)+『名』》 / 〈電流〉を整流する / (…間を)定期(回数)券で通勤する《+『between』+『名』》,(…から…まで)定期で通勤する《+『from』+『名』+『to』+『名』》 / (定期券による)通勤",220
coordinate,対等の,"対等の,等位の;(…と)同等の,同位の《+『with』+『名』》 / 同等の人(人物) / (数学の)座標 / 《複数形で》コーディネート(色やデザインを組合せた装い・家具) / 〈各部分〉を調和させる / 調和して動く",221
paperwork,書類仕事,"書類仕事,文書仕事",222
quit,…を『やめる』,"…を『やめる』,『中止する』 / 〈職・地位など〉を『断念する』,『捨てる』,放棄する / 《英では古》〈人・土地など〉から去る / やめる,中止する / 辞職(退職)する / (敗北を認めなどして)断念する / 去る;立ちのく / (…を)免れた,(…から)自由な《+『of』+『名』》",223
authority,〈U〉(地位の持つ,"〈U〉(地位の持つ,また職能上与えられた)『権威』,『権力』,権限,権能 / 〈C〉『権力者』,権限者;《複数形で》『当局』,その筋,官庁 / 〈C〉(情報・助言などの)信頼すべき筋,信頼できる根拠;典拠 / 〈C〉(その道の)大家,権威(expert)《+『on』+『名』》",224
flu,インフルエンザ,"インフルエンザ,流感",225
captain,『長』,"『長』,かしら(chief) / 『船長』,艦長;(飛行機の)機長 / (チームの)『主将』,キャプテン;組長 / 陸軍大尉;海軍大佐;《米》(空軍・海兵隊の)大尉,《英》空軍大佐 / …を統率する,指揮する",226
installation,〈U〉(装置などの)取り付け,"〈U〉(装置などの)取り付け,据え付け / 〈U〉(人の)任命,就任 / 〈C〉(取り付けた)装置,設備 / 〈C〉軍事施設",227
trainer,訓練する人,"訓練する人,仕込む人,(運動選手の)トレーナー,調教師",228
availability,利用できること,"利用できること,有用性,利用価値",229
bargain,『契約』,"『契約』,売買契約,取引き / 『安い買い物』;『掘り出し物』,見切り品 / 契約をする,条件を話し合う / 《『bargain』+『that』『節』》…であると契約する",230
complimentary,あいさつの,"あいさつの,お祝いの;賞賛の;おせじの / 招待の,無料の",231
hike,『ハイキング』(『徒歩旅行』)『する』 ,"『ハイキング』(『徒歩旅行』)『する』 / …をぐいと引っ張り上げる《+『up』+『名,』+『名』+『up』》 / 〈物価など〉を引き上げる / 『ハイキング』,徒歩旅行 / 《米話》(物価などの)引き上げ",232
midnight,『真夜中』,"『真夜中』,夜の12時 / 真夜中の,真夜中に起こる / 真夜中のような,まっ暗の",233
productivity,生産力,"生産力,生産性",234
rainy,『雨の』,"『雨の』,雨降りの;雨の多い / 雨にぬれた;雨模様の",235
relocate,〈人・物〉を移す;《米》…を疎開させる ,〈人・物〉を移す;《米》…を疎開させる / 〈人・物が〉移る;《米》疎開する,236
trainee,訓練(特に職業訓練)を受けている人,"訓練(特に職業訓練)を受けている人,徒弟,見習い / 《米》(軍事教練を受ける)新兵",237
transaction,〈U〉《the ~》(業務などの)『処理』,"〈U〉《the ~》(業務などの)『処理』,処置《+of+名》 / 〈C〉業務,商取り引き / 〈C〉《複数形で》(学術協会などの)報告書",238
unhappy,『悲しい』,"『悲しい』,気の滅入る / (物事が)不幸な,不運な,みじめな / (物事が)適切でない,適当でない,まずい",239
verify,〈できごと・事実などが〉…を『立証する』,"〈できごと・事実などが〉…を『立証する』,…の真実を証明する / (真実・正確であるかどうか)…を確かめる,調べる / 〈証拠物件〉を立証する",240
automobile,《米》『自動車』 ,《米》『自動車』 / 自動の;自動車の,241
courier,(外交上の)急使,"(外交上の)急使,特使 / 《おもに英》(旅行の)ガイド,世話人",242
incomplete,不完全な;未完成の,不完全な;未完成の,243
questionnaire,質問表,"質問表,アンケート",244
baseball,〈U〉『野球』,〈U〉『野球』,245
dock,『波止場』,"『波止場』,埠頭(ふとう) / (入港中の船を入れておく)船だまり / (造船,修理用の)『ドック』,船渠(せんきょ) / 〈船〉をドックに入れる / 〈2個以上の宇宙船〉を大気圏外で連結させる / 〈船が〉ドックにはいる / 〈宇宙船が〉大気圏外で連結する,ドッキングする / …の端を切り取る / 〈給料など〉の一部を差し引く;(…から)〈ある金額〉を減らす《+『名』+『off』(『from』)+『名』》 / (刑事法廷の)被告席 / スカンポ,ギシギシ(タデ科の植物)",246
lamp,(電気・ガス・石油などの)『ランプ』,"(電気・ガス・石油などの)『ランプ』,灯火,明かり / (照明用以外の)『ランプ』 / (知的・精神的な)光,光明",247
lately,『近ごろ』,"『近ごろ』,最近",248
machinery,《集合的に》《単数扱い》『機械』 ,"《集合的に》《単数扱い》『機械』 / 《集合的に》機械の部品;機械装置 / (社会・政治などの)機構,組織《+『of』+『名』》",249
presenter,テレビ(ラジオ)ショーの司会者,テレビ(ラジオ)ショーの司会者,250
seldom,『めったに』…『ない』,"『めったに』…『ない』,まれに",251
signature,『署名』 ,『署名』 / 音楽記号(拍子記号・調記号など) / (本の)1ページの大きさに折り畳んだ大きな紙,252
worldwide,全世界に知れ渡った,"全世界に知れ渡った,世界的な / 全世界に,世界的に",253
carrier,『運搬する人』;輸送業者(会社) ,"『運搬する人』;輸送業者(会社) / 運搬する物,運客車;運客設備 / (…の)媒介体,保菌者《+『of』+『名』》 / (また『aircraft carrier』)航空母艦 / (自転車・車の)荷台",254
designate,…を『指摘する』,"…を『指摘する』,示す,明示する / (…と)〈人・物〉を呼ぶ,称する《+『名』[+『as』]+『名』》 / (任務・官職・目的などに)〈人〉を指名する,任命する / (まだ就任していないが,ある役職に)任命(指名)された",255
exclusive,『除外する』,"『除外する』,排他的な;相いれない;(人が)打ち解けない / 入会に制限のある,選ばれた人のための / 《名詞の前にのみ用いて》『独占的な』,専用の / 完全な,全くの / 《話》(商品・ホテルなどが)高級な,一流の / (新聞の)独占記事 / (特定の品の)独占商品",256
grocery,〈C〉《米》『食料品』[『雑貨』]『店』(《英》ではgrocer's,"〈C〉《米》『食料品』[『雑貨』]『店』(《英》ではgrocer's, grocery shopなどが普通) / 《複数形で》『食料』[『雑貨』]『品類』,乾物類 / 〈U〉食料品[雑貨]販売業",257
homework,(生徒の)『宿題』,"(生徒の)『宿題』,学庭学習 / (教師の)授業準備,講義の下調べ / 自宅でする仕事;内職",258
memorandum,メモ,"メモ,覚え書き / (会社内などの)連絡メモ,回覧,回報 / (契約・取引きなどの条件の)要約,摘要書;(会社の)定款(ていかん)",259
photocopier,写真複写機,写真複写機,260
suite,(ホテルなどで寝室・居間・客間などの)一続きの豪華な部屋 ,"(ホテルなどで寝室・居間・客間などの)一続きの豪華な部屋 / (家具などの)一そろい,一組 / (いっしょに使われるものの)一続き,一組,一そろい / (楽曲の一形式である)組曲 / 《集合的に》《まれ》随行員,従者の一行",261
thorough,《名詞の前にのみ用いて》『完全な』,"《名詞の前にのみ用いて》『完全な』,完ぺきな / 全くの,根っからの / (仕事などが)『徹底的な』,手落ちのない",262
bookstore,『書』,"『書』,本屋(《英》bookshop)",263
cater,(結婚式・パーティーなどで)(…の)食物を調達する,"(結婚式・パーティーなどで)(…の)食物を調達する,料理をまかなう《+『for』(『to』)+『名』》 / (…の)要求を満たす,用命に応じる《+『for』(『to』)+『名』》 / 〈結婚式・パーティーなど〉の料理をまかなう,仕出しをする",264
dental,歯の,"歯の,歯科医の / (音声が)歯音の / 歯音(など)",265
duration,(時間の)持続,"(時間の)持続,存続,継続 / 存続期間,持続時間",266
lounge,(…に)ゆったりと寄り掛かる(座る,"(…に)ゆったりと寄り掛かる(座る,横になる)《+『against』(『on, in』)+『名』》 / (…を)『ぶらぶら歩く』,ぶらつく《+『about』+(『around』)+『名』》 / 〈C〉(ホテル・クラブ・船などの)『休憩室』,娯楽室,社交室 / 〈C〉寝いす,安楽いす / 〈U〉《しばしばa~》ぶらぶら歩き",267
painter,『画家』 ,『画家』 / ペンキ屋 / もやい綱(ボートをつなぐのに用いる),268
patron,(個人・主義・事業などの)『後援者』,"(個人・主義・事業などの)『後援者』,保護者,パトロール《+『of』,『名』》 / (商店・レストランなどの)『お得意』,顧客《+『of』+『名』》",269
prescription,〈U〉指示(規定)すること ,"〈U〉指示(規定)すること / 〈C〉規定,指示 / 〈C〉(薬などの)処方;処方せん;処方薬 / 〈U〉時効;長期間の使用による権利,慣行",270
productive,生産的な,"生産的な,好ましい結果を生み出す / たくさん産出(生産)する,多産の",271
salad,〈U〉〈C〉『サラダ』 ,〈U〉〈C〉『サラダ』 / 〈U〉(レタスなどの)サラダ菜,272
stack,『干し草の山』,"『干し草の山』,麦わらなどの山,いなむら / (一般に,物を積み上げた)『山』,(…の)積み重ね《+『of』+『名』》 / (図書館などの)書架,ラック;《複数形で》(特に,図書館などの)書庫 / 煙突 / 《しばしば複数形で》《話》多数,多量(の)《+『of』+『名』》 / 〈干し草・本・皿など〉を積み重ねる《+『up』+『名,』+『名』+『up』》 / (…を)〈ある場所〉に積み上げる《+『名』+『with』+『名』》 / 《米話》(…に対して)〈カード〉を不正な切り方をする《+『名』+『against』+『名』》 / 〈飛行機〉を空港上空で旋回待機させる / 山に積まれる,山になる / 〈飛行機が〉空港上空で旋回待機する",273
delegate,(会議などへの個人の)『代表』,"(会議などへの個人の)『代表』,使節《+『to』+『名』》 / 〈人〉を『代表として派遣する』 / (…に)〈権限など〉を委託する《+『名』+『to』+『名』》",274
salesperson,販売員,販売員,275
calculator,計算者 ,計算者 / 計算器機(=calculating machine),276
completion,完成,"完成,成就;完了,修了",277
defect,〈C〉『欠点』,"〈C〉『欠点』,弱点,欠陥 / 〈U〉〈C〉《古》不足,欠乏 / (国・党・主義などから)離脱する,裏切って出る《+『from』+『名』》;離反して(…に)転向する《+『to』+『名』》",278
garbage,(台所から出る)生ごみ,"(台所から出る)生ごみ,食べかす,残飯 / くだらないもの,がらくた",279
omit,(…から)…を『省略する』,"(…から)…を『省略する』,省く《+『名』+『from』+『名』》",280
spite,悪意,"悪意,意地悪 / 《a ~》(…への)恨み《+『against』(『at』)+『名』》 / 〈人〉に意地悪をする,を困らせる",281
bathroom,『浴室』,"『浴室』,ふろ場 / 便所(toilet)",282
cab,《おもに米》タクシー(=taxicab) ,"《おもに米》タクシー(=taxicab) / 昔のつじ馬車 / (トラック・機関車などの)運転台,運転室",283
correspondence,(…の間の)『一致』,"(…の間の)『一致』,調和類似《+『between』+『名』》;(…との)一致《+『with』(『to』)+『名』》 / (…との)『文通』,通信《+『with』+『名』》 / 《集合的に》(書かれた・取り交わされた)手紙,書簡",284
ladder,『はしご』 ,"『はしご』 / (立身出世の)手段,手づる / 《英》(靴下・編み物などの)伝線,ほつれ(《米》run) / (はしごで)…を登る,にはしごをかける / 《英》〈靴下〉をほつれさせる,伝線させる / 〈靴下などが〉ほつれる,伝線する(《米》run)",285
photography,写真術,写真術,286
sculpture,〈U〉『彫刻』,"〈U〉『彫刻』,彫刻術 / 〈C〉『彫刻品』,《集合的に》彫刻作品 / 〈石・柱など〉に彫刻する,を彫刻で飾る / …を像(模様など)を作る / (浸食で)〈岩など〉を彫刻したように変形させる / 彫刻する",287
anniversary,(年ごとの)『記念日』,"(年ごとの)『記念日』,記念祭 / 記念日の",288
buffet,(手・こぶしの)打撃 ,"(手・こぶしの)打撃 / (風波・運命などに)もまれること,もて遊ばれること / (手・こぶしで)…を打つ / (波・運命が)…をもむ,もて遊ぶ《+『名』+『about』,+『about』+『名』》 / 《文》〈波・運命〉と戦う / 食器だな / ビュッフェ(セルフサービスでする食事;立食形式の食事) / (パーティー・園遊会などで料理・飲物を置いた)立食台,模擬店",289
defective,『欠点のある』,"『欠点のある』,欠陥のある / 欠けている,足りない,(知能的に)標準以下の / 精神障害者,身体障害者",290
ice cream,アイスクリーム,アイスクリーム,291
leak,〈U〉〈C〉(水・空気・ガス・光などが)漏れること ,"〈U〉〈C〉(水・空気・ガス・光などが)漏れること / 〈C〉『漏れ口』,漏れ穴 / 〈C〉(秘密などの)漏えい《+『of』+『名』》 / 〈船・屋根・容器などが〉漏る / (…から,…の中へ)〈水・空気・ガス・光など〉漏れる《+『from』(『into』)+『名』》 / 〈秘密などが〉漏えいする《+『out』》 / 〈水・空気・ガス・光など〉を漏らす / (…に)〈秘密など〉を漏らす《+『名』+『to』+『名』》",292
occupancy,(家・土地などの)占有 ,(家・土地などの)占有 / 占有期間,293
proficiency,(知識・技術の)熟達,"(知識・技術の)熟達,熟練(skill)《+『in』(『at』)+『名』》",294
renewal,〈U〉(…を)新しく直すこと,"〈U〉(…を)新しく直すこと,(…の)更新;復興;再生《+『of』+『名』》 / 〈C〉新しくされた物,更新された物(証明書など)",295
urgent,『急を要する』,"『急を要する』,緊急の / 『しつこい』,うるさく頼む",296
annually,年々,"年々,毎年 / 年に1回",297
basketball,〈U〉『バスケットボール』,"〈U〉『バスケットボール』,篭(ろう)球 / 〈C〉バスケットボール用のボール",298
delete,(…から)〈語など〉を削除する,"(…から)〈語など〉を削除する,消す《+『名』+『from』+『名』》",299
illogical,非論理的な,"非論理的な,不合理な;《話》もの分かりの悪い",300
pet,『愛がん動物』,"『愛がん動物』,ペット / 《単数形で》お気に入りの人(物) / (動物などが)愛がん用の,ペットの / (名前などが)愛情を表す / お気に入りの;お得意の / …を愛撫(あいぶ)する,かわいがる / (ささいなことについての)不きげん,すねること",301
textbook,『教科書』,『教科書』,302
accurately,正確に,"正確に,精密に,綿密に",303
cabin,(通例,"(通例,木造1階建ての)『小屋』 / 『船室』;(飛行機の)客室",304
conductor,(集団などの)『指導者』,"(集団などの)『指導者』,案内者;(事業などの)管理者,経営者 / (オーケストラ・コーラスなどの)『指揮者』 / (電車・バスなどの)『車掌』;《おもに米》列車の / (熱・電気・音などの)導体",305
inspector,視察官,"視察官,調査官,監査人(役) / 警部",306
intern,実習生、インターン,実習生、インターン,307
semester,(米国・ドイツなどの大学の二学期制の)一学期,"(米国・ドイツなどの大学の二学期制の)一学期,前(後)期(通例15‐18週)",308
confirmation,(陳述・所信などの)『確認』;(情報などの)確証;(条約などの)承認《+『of』+『名』》;(…であるという)確証,"(陳述・所信などの)『確認』;(情報などの)確証;(条約などの)承認《+『of』+『名』》;(…であるという)確証,確認《+『that節』》 / 堅信礼(幼年時代に洗礼を受けた人が成人してその信仰を堅めるために告白をして教会員となる儀式)",309
congratulation,《複数形で》(また『congrats』)(…に対する)『祝いの言葉』,"《複数形で》(また『congrats』)(…に対する)『祝いの言葉』,祝辞《+『on』+『名』》 / 〈U〉『祝い』,祝賀",310
expertise,〈U〉専門技術[知識] ,〈U〉専門技術[知識] / 〈C〉《特に英》専門家の調査報告,311
graph,グラフ,"グラフ,図表",312
taker,取る人、受験者,取る人、受験者,313
utility,〈U〉『役に立つこと』 ,〈U〉『役に立つこと』 / 〈C〉《しばしば複数形で》(ガス・電気・水道などの)『公益事業』,314
voucher,(受領・支払いの)証書,"(受領・支払いの)証書,受領証・証拠物件 / 保証人,証人",315
banker,『銀行家』,"『銀行家』,銀行経営者 / (ゲームの)親,胴元",316
behalf,大義,"大義, 大目的; 支持, 利益; 《古》 点, 面",317
minimize,最小限にする,最小限にする,318
optional,選択が自由の,"選択が自由の,随意の",319
paycheck,給料支払い小切手 ,"給料支払い小切手 / 俸給,給料(salary)",320
polite,『礼儀正しい』,"『礼儀正しい』,『ていねいな』 / 『洗練された』,教養のある,上品な",321
protective,保護の,"保護の,保護する;(…を)保護する《+『toward』+『名』》",322
seller,売る人,"売る人,売り手 / 《good,bad,poorなどの形容詞と共に》売れるもの",323
sidewalk,『歩道』,『歩道』,324
sightsee,見物(遊覧)する,見物(遊覧)する,325
soup,『スープ』,『スープ』,326
transit,通過,"通過,通行 / (…の)輸送,運搬《+of+名》 / 天体が子午線を横切ること,(小天体が)他の天体を横切ること / 〈天体が〉〈太陽面〉を通過する",327
wallet,(折りたたみ式で通例皮製の)『紙入れ』,"(折りたたみ式で通例皮製の)『紙入れ』,財布 / 《古》(乞食・巡礼などの)がっさい袋,ずだ袋",328
cashier,現金出納係 ,"現金出納係 / 〈士官など〉を懲戒免職にする,〈官吏〉を罷免(ひめん)する",329
casual,『むぞうさな』,"『むぞうさな』,さりげない(offhand) / 『偶然の』,思いがけない / ふだん着の,くだけた / むとんじゃくな,無関心な / 臨時雇労働者 / ふだん着",330
drill,〈C〉『きり』,"〈C〉『きり』,『ドリル』,穴あけ機 / 〈U〉練兵,教練 / 〈U〉〈C〉『反復練習』,(系統的な)けいこ / 〈U〉〈C〉(事態に処するための)訓練 / 〈穴〉を『あける』;…に穴をあける / (…を)〈人〉に『繰り返し教え込む』《+『名』〈人〉+『in』+『名』》;(人に)〈物事〉を厳しく訓練して教え込む《+『名』+『into』+『名』〈人〉》 / 〈兵士〉を教練する / 《米俗》〈人〉を撃ち抜く / (きりなどで)貫く,穴をあける / (軍事などの)訓練を受ける,練習する / (種をまくための)小みぞ / 種まき機 / (筋まきした)種の列 / 〈種〉を筋まきする,〈苗〉を筋植えする / 雲斎(うんさい)織り(太あや織りの綿布または亜麻布)",331
fountain,『泉』(spring);水源 ,"『泉』(spring);水源 / 『噴水』;噴水池 / =drinking fountain / (…の)源,源泉《+『of』+『名』》",332
juice,〈U〉〈C〉(果物・野菜・肉などの)『汁』,"〈U〉〈C〉(果物・野菜・肉などの)『汁』,『液』,ジュース;〈U〉(植物の)樹液 / 《複数形で》(動物の)体液,分泌液 / 〈U〉《俗》電気;ガソリン,燃料オイル / …から汁をしぼり取る",333
lane,『小道』,"『小道』,横町,路地,いなか道 / (船・飛行機などの)航路,(車道の)車線 / (ボウリングの)レーン",334
popularity,(人の間での)『人気』,"(人の間での)『人気』,好評,流行《+『with』(『among』)+『名』〈人〉》",335
poster,ポスター,"ポスター,びら",336
promptly,『敏速に』,"『敏速に』,即座に / 時間どおりに",337
retailer,小売り商人,小売り商人,338
vacancy,〈C〉『あき部屋』,"〈C〉『あき部屋』,あいた貸間,あき地 / 〈C〉(地位・役職などの)『空席』,欠員 / 〈U〉〈C〉空間,空虚 / 〈U〉虚脱状態,ぼんやりしていること / 〈U〉何もすることがない状態,無為,暇",339
bench,『ベンチ』,"『ベンチ』,長いす / 〈U〉(職人・技師・科学者の)作業台,実験台,細工台 / 長くて狭い段丘 / 《the~》(スポーツの)選手席,ベンチ;《集合的に》補舌選手たち / 〈C〉裁判官席;〈U〉裁判官の職(地位) / 《集合的に》《the~》裁判官[たち] / 〈C〉(英国議会などの)議席 / 〈選手〉を補欠としてベンチに座らせておく",340
cumulative,しだいに増加する,"しだいに増加する,累加する,累積的な",341
directory,人名簿,"人名簿,住所録 / (ビルの)居住者表示板",342
disposal,配置,"配置,配列 / (事件・業務などの)『処置』,処理;処分 / (物の)譲渡;売却",343
housekeeper,『主婦』 ,『主婦』 / 『家政婦』;(ホテルなどの)掃除婦がしら,344
internship,インターンとしての勤務期間,インターンとしての勤務期間,345
knowledgeable,博識の,"博識の,物知りの / 策にたけた",346
organizer,組織者;設立者;(組合の)オルグ,組織者;設立者;(組合の)オルグ,347
overdue,支払いの期限が過ぎた,"支払いの期限が過ぎた,未払いの / (予定より)遅れている",348
prediction,〈U〉予報(予言)すること ,"〈U〉予報(予言)すること / 〈C〉予報(予言)される事;(…という)予報,予言《+『that節』》",349
subscriber,予約者,"予約者,定期講読者 / 寄付者,出資者 / (契約書,証明書などの)署名者 / 同意者",350
booklet,小冊子,"小冊子,パンフレット",351
conditioner,調節機、コンディショナー,調節機、コンディショナー,352
enroll,登録する、入会する,登録する、入会する,353
frustrate,〈計画・努力など〉をざ折させる,"〈計画・努力など〉をざ折させる,失敗させる / (計画などで)〈人〉をざ折させる,のやる気をくじく《+『名』+『in』+『名』》",354
garment,(dressやcoatなど)衣服[のうちの一品],(dressやcoatなど)衣服[のうちの一品],355
orientation,〈C〉(新入生などへの)オリエンテーション ,〈C〉(新入生などへの)オリエンテーション / 方向 / 向き / 方位 / (思想・態度などの)方向性 / 志向 / 生活指導・順応訓練,356
outlet,(水・煙などの)『出口』,"(水・煙などの)『出口』,はけ口《+『for』+『名』》 / (感情・精力などの)『はけ口』《+『for』+『名』》 / 《米》(電気コードの)差し込口 / (特定の商品の)販売口,販路《+『for』+『名』》",357
packet,(小さい)包み;小荷物 ,"(小さい)包み;小荷物 / (またpacket boat)(郵便・旅客・貨物などを運ぶ)定期船,郵便船 / 《英俗》大金",358
plumber,鉛管工,"鉛管工,配管工",359
specification,〈U〉(…の)詳説,"〈U〉(…の)詳説,詳述《+『of』+『名』》 / 〈U〉明細事項,内訳 / (また《話》specs)〈C〉《通例複数形で》(明細な)仕様書,設計書",360
auto,《米話》=automobile,《米話》=automobile,361
decorate,(…で)…を『飾る』,"(…で)…を『飾る』,飾り立てる《+『名』+『with』+『名』》 / 〈部屋・建物〉に装飾する / (…に対して)〈人〉に勲章(褒章(ほうしょう))を授ける《+『名』+『for』+『名』》",362
deduction,〈U〉差し引き ,〈U〉差し引き / 推論 / 控除額 / 〈U〉演繹(えんえき)法,363
definite,『一定の』,"『一定の』,(明確に)限定された / 『明確な』,確実な,すでに確定した",364
economical,(人が)『節約する』,"(人が)『節約する』,倹約家の / (物事が)経済的な,徳用の",365
efficiently,効率的に,効率的に,366
flyer,=flier,=flier,367
franchise,〈C〉《おもに米》(政府・メーカーが事業を行う個人・団体に与える)(…の)免許,"〈C〉《おもに米》(政府・メーカーが事業を行う個人・団体に与える)(…の)免許,一手販売権《+『of』+『名』》;(する)免許《+『to』do》 / 〈U〉《the~》公民権;(特)に参政権,選挙権 / 〈U〉フランチャイズ[制](プロ野球の球団がある都市に根拠をおいて特別な興行権をもつこと)",368
generous,『気前のよい』;『心が大きい』,"『気前のよい』;『心が大きい』,『寛容な』 / 大きい;豊富な,十分な",369
interrupt,(行動や話の途中で)〈人〉を『さえぎる』,"(行動や話の途中で)〈人〉を『さえぎる』,妨げる / 〈行為・話など〉を『中断する』 / 〈物事〉をさえぎる / 『じゃまする』,話の腰を折る",370
oven,天火,"天火,かまど,オーブン",371
pant,『あえぐ』,"『あえぐ』,息を切らす / 《現在分詞の形で》熱望する,強く望む / …をあえぎながら言う《+『out』(『forth』)+『名,』+『名』+『out』(『forth』)》 / 『あえぎ』,息切れ;動悸(どうき)",372
profitable,『利益の上がる』 ,『利益の上がる』 / 有益な,373
refrigerator,『冷蔵庫』;冷凍室(また《おもに英話》fridge,"『冷蔵庫』;冷凍室(また《おもに英話》fridge,《米古》icebox)",374
reimburse,(損害に応じて)〈人〉に弁償する《+『名』〈人〉+『for』+『名』》;〈人〉に〈損失額〉を払い戻す《+『名』〈人〉+『名』,"(損害に応じて)〈人〉に弁償する《+『名』〈人〉+『for』+『名』》;〈人〉に〈損失額〉を払い戻す《+『名』〈人〉+『名』,+『名』+『to』+『名』〈人〉》",375
showroom,(商品の)陳列室,(商品の)陳列室,376
vegetarian,菜食主義者(道徳上または健康上の理由で魚・肉を食べず,"菜食主義者(道徳上または健康上の理由で魚・肉を食べず,野菜だけを食べる人) / 菜食主義の / 野菜だけの",377
administrator,為政者,"為政者,行政官 / (遺産としての不動産の)管理者",378
broker,ブローカー,"ブローカー,仲買人",379
cancellation,〈U〉(…の)まっ殺,"〈U〉(…の)まっ殺,取り消し,削除《+『of』+『名』》 / 〈C〉消印",380
confidential,(文書・行為などが)秘密の,"(文書・行為などが)秘密の,内々の(secret) / 信用のできる,腹心の",381
jet,(水・ガス・蒸気などの)『噴出』,"(水・ガス・蒸気などの)『噴出』,噴射;噴出物,噴射物 / 噴出口,(ホースなどの)筒口 / =jet plane / =jet engine / 噴出する,噴射する / ジェット機で行く(旅行する) / …を噴出する,噴射する / …をジェット機で運ぶ / 黒玉(こくぎょく) / 黒玉色,漆黒(しっこく)(濃いつやのある黒色) / 黒玉製の / まっ黒な,漆黒の",382
realistic,『現実主義の』,"『現実主義の』,現実的(実際的)な / 写実的な,写実主義の / 実在論の",383
thoroughly,『徹底的に』,"『徹底的に』,完ぺきに,全く",384
trash,価値のないもの,"価値のないもの,役に立たないもの / 《米》廃品,くず,ごみ / くだらない話,駄作,ばかげた考え / 《米》人間のくず,役立たず",385
usage,〈U〉(物の)『用い方』,"〈U〉(物の)『用い方』,用法 / 〈C〉〈U〉(言語の)『慣用[法]』,語法",386
windy,『風の吹く』,"『風の吹く』,風の強い / 風の当たる,風を受ける / 内容のない,空虚な;おしゃべりな,口数の多い / 《おもに英俗》びくびくした,おびえた",387
automate,〈工場・機械〉に自動装置をつける,"〈工場・機械〉に自動装置をつける,をオートメーション化する",388
ferry,『渡し船』,"『渡し船』,連絡船(ferryboat),連絡船の便 / 渡し場,連絡船の発着場 / 《副詞[句]を伴って》〈人・車など〉を船で渡す / 〈川など〉を船で渡る / …を空輸する,〈新造飛行機〉を輸送する / 船で渡る",389
finalize,仕上げる、最終決定する,仕上げる、最終決定する,390
incur,〈損害・非難・危険など〉を招く,"〈損害・非難・危険など〉を招く,こうむる",391
instruct,…に知識(情報,"…に知識(情報,技術など)を与える,教える,知らせる / 〈人〉に『指示する』,命令する",392
loyal,『忠実な』,"『忠実な』,誠実な(faithful) / 『忠誠な』,忠義な",393
luncheon,『昼食』 ,『昼食』 / (正式接待の場所の)午餐(ごさん),394
microphone,『マイクロフォン』,"『マイクロフォン』,拡声器",395
overview,概観,"概観,大要",396
projector,計画者,"計画者,発案者 / 投光機,投影機;映写機",397
shortage,『不足』,"『不足』,欠乏;〈C〉不足高",398
spacious,(部屋・家などが)広い,"(部屋・家などが)広い,ゆったりとした / (空・海などの大空間が)広大な",399
accomplishment,〈U〉完成,"〈U〉完成,成就(じょうじゅ) / 〈C〉業績 / 《複数形で》教養,たしなみ,才芸",400
accustom,(…に)〈人・自分・動物〉を『慣らす』,"(…に)〈人・自分・動物〉を『慣らす』,習慣づける《+『名』+『to』+『名』(do『ing』)》",401
clinic,〈U〉(医学の)臨床講義 ,"〈U〉(医学の)臨床講義 / 〈C〉《集合的に》臨床講義のクラス / 〈C〉臨床講義室 / 〈C〉(病院・医科大学・社会事業団などに付属した)診療所;《形容詞を判って》医療施設,病院 / 〈C〉(警察・学校・社会事業団などに付属した)相談所",402
desktop,デスクトップ(PC),デスクトップ(PC),403
jog,…を軽く揺り動かす;…をちょっと押す(突く) ,"…を軽く揺り動かす;…をちょっと押す(突く) / 〈記憶など〉を呼び起こす,刺激する / (特に健康法として)ゆっくり走る / とぼとぼと歩き続ける《+『on』(『along』)》 / 軽い揺さぶり(つつき,刺激) / てくてく(ことこと)歩き;(馬の)緩歩(jog trot)",404
leisure,『暇』,"『暇』,余暇;(仕事をしなくてもよい)自由な時間 / 仕事をする必要がないこと / 暇な,有閑な",405
nap,(特に日中の)『ひと眠り』,"(特に日中の)『ひと眠り』,昼寝 / ひと眼りする,まどろむ / (ラシャなどの)けば / ナポレオン(カードゲームの一種) / 〈新聞記者などが〉〈勝ち馬の名〉を予想する",406
reinforce,…を増強する,"…を増強する,補強する / …に増援する,援兵を送る",407
sender,発送人,"発送人,送り主,差し出し人 / 送信機,送話機",408
vacuum,真空 ,"真空 / 《単数形で》『空虚』,『空所』,空白 / (現実から隔離された)孤立状態 / 《米》=vacuum cleaner / '…を'電気掃除機で掃除する / 電気掃除機をかける",409
wireless,〈U〉『無線』,"〈U〉『無線』,無線電信 / 〈U〉《the wireless》《英》ラジオ[放送,番組];〈C〉『ラジオ』[受信機] / 無線[電信,電話,電報]の / 《英》ラジオの",410
yearly,『年1回の』;毎年の ,"『年1回の』;毎年の / 1年間の,年間の / 年1回,毎年",411
appreciation,〈U〉(…を)『正しく認識すること』,"〈U〉(…を)『正しく認識すること』,(…の)識別,評価《+『of』+『名』》 / 〈U〉《時にan~》(文学・芸術などの)理解,鑑賞;批評,論評《+『of』+『名』》 / 〈U〉(…に対する)感謝《+『for』+『名』》 / 〈U〉《時にa~》(価格の)騰貴",412
cargo,(船・飛行機の)『積荷』,"(船・飛行機の)『積荷』,貨物",413
cooperate,『協力する』,"『協力する』,共同する",414
distract,(…から)〈人〉の『注意』(『気持ち』,"(…から)〈人〉の『注意』(『気持ち』,『関心』)『をそらす』,〈注意・心など〉を『そらす』《+『名』+『from』+『名』》 / 《しばしば受動態で》〈人〉の『心を乱す』,をまごつかせる,当惑させる《+『名』+『with』(『by』)+『名』》",415
dividend,配当;配当金 ,配当;配当金 / 被除数,416
exemption,(義務などの)免除《+『from』+『名』(do『ing』)》,(義務などの)免除《+『from』+『名』(do『ing』)》,417
furnish,〈家・部屋など〉に『家具を備え付ける』;(家具を)〈家・部屋など〉に備え付ける《+『名』+『with』+『名』》 ,"〈家・部屋など〉に『家具を備え付ける』;(家具を)〈家・部屋など〉に備え付ける《+『名』+『with』+『名』》 / 《文》〈必要なもの〉を『供給する』,『提供する』;(…を)〈人など〉に供給する《+『名』〈人〉+『with』+『名』》;(人などに)…を供給する《+『名』+『to』+『名』〈人〉》",418
hourly,1時間の;1時間ごとの ,"1時間の;1時間ごとの / 絶え間のない,たびたびの(frequent) / 1時間ごとに / しばしば,絶えず",419
laundry,《集合的に》『洗濯』[『物』] ,《集合的に》『洗濯』[『物』] / 〈C〉『クリーニング屋』 / 『洗濯室』(laundry room)《形容詞的に》,420
mandatory,(命令によって)強制的な ,"(命令によって)強制的な / 委任の / 委任を受けた人(国),委任統治の受任国",421
mechanical,『機械の』,"『機械の』,道具の;機械(道具)を必要とする / 機械仕掛けの,機械操作の,機械製の / 機械に適した,機械向きの;(人・行動などが)機械的な,自動的な",422
pharmacy,〈U〉薬学;調剤術 ,〈U〉薬学;調剤術 / =drugstore,423
promotional,昇進の,"昇進の,昇格の / 促進の,奨励の",424
quarterly,年4回の,"年4回の,3か月ごとの / 年4回[に],3か月ごとに / 年4回の刊行物,季刊誌",425
residential,住居の,"住居の,居住の / 住居向きの",426
scholarship,〈C〉《時にS-》『奨学金』 ,"〈C〉《時にS-》『奨学金』 / 〈U〉学識,学力",427
seeker,(…の)追求者,"(…の)追求者,探求者《+『for』(『after, of』)+『名』》",428
temporarily,一時的に,"一時的に,仮に",429
towel,『タオル』,"『タオル』,手ぬぐい,手ふき / …をタオルでふく",430
unattended,付き添いのない ,付き添いのない / 世話をされていない,431
accessible,(またget-at-able)近づきやすい,"(またget-at-able)近づきやすい,入りやすい,達しうる / 《補語にのみ用いて》(感情などに)動かされやすい,(…の)影響を受けやすい《+『to』+『名』》",432
afterward,その後,その後,433
apology,〈C〉(…に対する)『わび』,"〈C〉(…に対する)『わび』,謝罪;言い訳,弁解《+『for』+『名』(do『ing』)》 / 〈U〉〈C〉(口頭・文書による)(…の)弁護,弁明(defense)《+『for』+『名』》 / 〈C〉《話》(…とは)申し訳ばかりのもの,(…の)お粗末な代用品《+『for』+『名』》",434
assemble,(ある目的で)〈人・物〉を『集める』,"(ある目的で)〈人・物〉を『集める』,集合させる / (部品を集めて)〈機械など〉を『組み立てる』 / …を整とんする,きちんと並べる / (人が)集まる,会合する(meet)",435
automatic,『自動の』,"『自動の』,自動装置(機械)の / (行動などが)『無意識の』,機械的な / (銃砲が)自動式の / 自動機械 / 自動式ライフル(ピストル)",436
boardroom,重役会議室,重役会議室,437
carpenter,『大工』(だいく),『大工』(だいく),438
caterer,(宴会などの)料理の仕出し屋,"(宴会などの)料理の仕出し屋,まかない人;宴会の世話係",439
classify,(…に)…を『分類する』,"(…に)…を『分類する』,類別する,等級別にする《+『名』+『into』+『名』》 / 《米》〈文書類など〉を機密扱いにする",440
consultation,〈U〉〈C〉(…との)相談,"〈U〉〈C〉(…との)相談,協議《+『with』+『名』》;専門家との相談・〈C〉協議会,(専門家の)会議",441
durable,耐久力のある,"耐久力のある,もちのよい / 永く続く",442
glove,(五指の分かれている)『手袋』 ,(五指の分かれている)『手袋』 / (野球の)『グローブ』;(ボクシング用の)グラブ / …に手袋をはめる / (野球で)〈ボール〉をグローブで捕る,443
hardware,《集合的に》金物類,"《集合的に》金物類,鉄器類 / ハードウエア(電子計算機の機械部分)",444
malfunction,(器官・機械などの)機能不全,"(器官・機械などの)機能不全,不調 / 〈器官,機械などが〉機能不全である",445
outdated,=out-of-date,=out-of-date,446
patience,(苦しみに耐える)『忍耐』,"(苦しみに耐える)『忍耐』,忍耐力,しんぼう / 《英》=solitaire",447
postcard,絵葉書,絵葉書,448
prospective,未来の,"未来の,将来の / 予想される,見込みのある",449
revision,〈C〉(…の)改正(改訂)校閲《+『of』+『名』》 ,〈C〉(…の)改正(改訂)校閲《+『of』+『名』》 / 〈C〉改訂版 / 〈U〉《英》復習(《米》review),450
strictly,『厳格に』,"『厳格に』,厳重に / 『厳密に』,正確に / 『全く』,きっぱりと,断然",451
tomato,『トマト』;トマトの木,『トマト』;トマトの木,452
tray,浅いへりのついた平たい容器,"浅いへりのついた平たい容器,(料理などを運んだり盛ったりするための)『盆』,皿 / (机上書類用の)整理箱 / (また tearful)盆(皿)一杯[の量]",453
vendor,(小さな品物を)売る人,"(小さな品物を)売る人,行商人 / (法律で)(土地・家などを)売りに出す人",454
withdrawal,引っ込めること,"引っ込めること,引っ込むこと,退くこと / 引き上げ,回収 / 取り消し,撤回",455
anytime,いつでも(at any time) ,"いつでも(at any time) / きまって,常に",456
badge,『記章』,"『記章』,バッジ / 印",457
brake,『ブレーキ,"『ブレーキ,制動機』,歯止め / …にブレーキをかける / 〈人が〉ブレーキをかける / 〈C〉やぶ,茂み / =bracken",458
calculation,見積もり,"見積もり,算定 / 予想,推定 / 意図,熟慮",459
coordinator,調和させる人(物),調和させる人(物),460
costly,『高価な』;費用のかかる ,『高価な』;費用のかかる / 損害(犠牲)の多い,461
equip,(ある目的のために必要な装備などで)〈人〉に『したくさせる』,"(ある目的のために必要な装備などで)〈人〉に『したくさせる』,〈船・軍隊など〉に『装備する』《+『名』+『with』+『名』》,(…に備えて)…にしたくさせる,を装備する《+『名』+『for』+『名』》 / (必要な知識・能力などを)〈人〉に身につけさせる:《『equip』+『名』〈人〉+『with』+『名』+『for』+『名』》…に備えて…を〈人〉に身につけさせる",462
excursion,(特定の目的をもった団体の)『小旅行』,"(特定の目的をもった団体の)『小旅行』,遠足 / (特別割引料金の)周遊旅行",463
graphic,(描写が)絵を見るような,"(描写が)絵を見るような,生き生きとした(vivid) / グラフで表した,図表を用いた / 文字の;書画(彫刻)の",464
inexperience,経験のないこと,"経験のないこと,未熟,不慣れ",465
lengthy,非常に長い ,"非常に長い / (話・文章などが)長すぎる,くどい",466
librarian,司書,"司書,図書館員,図書係",467
meantime,『その間に』 ,『その間に』 / その同じ時に;一方では / 『合間』 / =Greenwich Mean Time,468
merge,〈会社・組織が〉合併する,"〈会社・組織が〉合併する,合体する;(…と)合併する《+『with』+『名』》 / (…に)溶け込む,しだいに変わる《+『into』(『in』)+『名』》 / 〈会社・組織〉を合併する,合体する;(…と)…を合併する《+『名』+『with』+『名』》",469
performer,《修飾語を伴って》実行する人,"《修飾語を伴って》実行する人,遂行する人 / 演奏者,上演者;(特に)芸人",470
pharmacist,薬剤師;製薬者(また《英》chemist),薬剤師;製薬者(また《英》chemist),471
pizza,ピッツァ,"ピッツァ,ピザ(チーズ・トマトなどをパイ皮にのせて焼いた料理)",472
resignation,〈C〉辞職,"〈C〉辞職,辞任 / 〈U〉(仕方なく)受け入れること,諦め,甘受",473
reviewer,(新刊書・演劇などの)批評家,"(新刊書・演劇などの)批評家,評論家",474
terminate,(…で)…を終わらせる《+名+with+名》 ,"(…で)…を終わらせる《+名+with+名》 / …の終りにくる,結びとなる / …の境界となる / 『終わる』,終結する",475
translation,〈U〉『訳すこと,"〈U〉『訳すこと,翻訳』 / 〈C〉翻訳されたもの",476
unfamiliar,『よく知らない』,"『よく知らない』,未知の見慣ない,聞き慣ない / 《補語にのみ用いて》(物事を)よく知らない,未知の《+with+名》",477
actress,〈C〉女優,〈C〉女優,478
adjacent,《文》近接の,"《文》近接の,隣接している;(…に)すぐ近くの《+『to』+『名』》",479
alternate,『交互の』,"『交互の』,かわるがわるの / 一つおきの(every other) / 代わりの,どれか一つの / 《米》代わり[の人](substitute) / 〈両者が〉交替する;(…と)交替する,互い違いになる《+『with』+『名』》 / …を交互にさせる",480
congratulate,(…に対して)〈人〉に『お祝いを言う』,"(…に対して)〈人〉に『お祝いを言う』,喜びを述べる《+『名』+『on』(『upon』)+『名』(do『ing』)》",481
escort,〈C〉(保護・案内・礼儀のための)『付き添い』,"〈C〉(保護・案内・礼儀のための)『付き添い』,護衛者,(特に,パーティーなどで)女性に付き添う男性;《集合的に》(兵士・軍艦などの)武装護衛隊,(警官の)護衛 / 〈U〉案内;保護,護衛,護送 / (ある場所まで)〈人〉に『付き添って行く』《+『名』〈人〉+『to』+『名』》 / 〈軍艦など〉を護衛する",482
inexpensive,安い,"安い,費用のかからない",483
mask,(顔の一部または全部をおおう)『仮面』,"(顔の一部または全部をおおう)『仮面』,覆面 / (防護用の)『マスク』,面 / (石膏(せっこう)などの)面型 / (物・事柄を)覆い隠すもの;見せかけ / 〈顔〉に面をかぶせる / (…から)〈物・事柄など〉を隠す《+『名』+『from』+『名』》",484
purchaser,買い手,買い手,485
purse,《米》(婦人用)『ハンドバッグ』 ,"《米》(婦人用)『ハンドバッグ』 / 『さいふ』 / 《単数形で》資金,資力,財力 / 〈C〉賞金,寄付金 / 〈くちびるなど〉をすぼめる,〈まゆ〉をひそめる《+『up』+『名,』+『名』+『up』》",486
realtor,《米》=real estate agent ・〈U〉《R-》全米不動産業協会(the National Association of Realtors)所属の不動産業者,《米》=real estate agent ・〈U〉《R-》全米不動産業協会(the National Association of Realtors)所属の不動産業者,487
rearrange,(以前とは別の様式で)…を整理し直す,"(以前とは別の様式で)…を整理し直す,配列し直す",488
reopen,…を再び開ける ,"…を再び開ける / …を再び始める / 再び開く,再び始まる",489
soap,『石けん』 ,『石けん』 / =soap opera / …を石けんで洗う,490
spokesperson,広報担当者,広報担当者,491
superior,(程度・質が)『普通(平均)以上に優れた』,"(程度・質が)『普通(平均)以上に優れた』,優秀な / (地位・階級などが)『上位の』,上級の,目上の / (数量的に)勝る,優勢な / (言動が)偉ぶった,高慢な / 《補語にのみ用いて》(…に)屈しない,動じない《+to+名》 / 《名詞の前にのみ用いて》(動・植物の器官や部分が)上位の,上についている / (地位・階級などが)『上位の人』,上役,上司,先輩 / 『いっそう優れた人』 / 《しばしば S-》修道院長",492
airfare,航空運賃,航空運賃,493
bake,(特にオーブンで)〈食物〉を『焼く』,"(特にオーブンで)〈食物〉を『焼く』,焼いて料理する / 〈れんがなど〉を焼き固める;〈太陽が〉…を焦がす / (日にあたって)〈皮膚など〉を焼く / 〈パンなどが〉焼ける;〈人が〉パンを焼く / 〈土地・人などが〉日に焼ける",494
businessperson,実業家、会社員,実業家、会社員,495
considerably,『かなり』,"『かなり』,相当に,非常に",496
faulty,欠点(欠陥)のある,欠点(欠陥)のある,497
hobby,(他の人と多少変わった)『趣味』,"(他の人と多少変わった)『趣味』,道楽",498
informal,『正式でない』,"『正式でない』,略式の / 打ち解けた,儀式ばらない / 口語体の,会話調の",499
kilometer,キロメートル,キロメートル,500
lawn,『芝生』[『地』] ,『芝生』[『地』] / ローン(ハンカチ・ブラウスなどに用いるごく薄地のリネンまたは木綿布),501
microscope,『顕微鏡』,『顕微鏡』,502
mislead,〈人〉を誤って道案内する ,"〈人〉を誤って道案内する / 〈人〉を誤らせる,誤解させる",503
misplace,…を置き間違える;…を置き忘れる ,…を置き間違える;…を置き忘れる / (受ける価値のない人・物に)〈愛情・信頼など〉を間違って与える《+『名』+『in』+『名』》,504
newsstand,(駅・街頭などの)新聞雑誌売場,(駅・街頭などの)新聞雑誌売場,505
overhead,『頭上高く』,"『頭上高く』,空に / 『頭上にある』,空にある / 〈C〉《英では複数形で》一般諸経費",506
portfolio,(書類などを入れる)折りかばん,"(書類などを入れる)折りかばん,書類かばん / 大臣の職務 / 有価証券の明細表・ポートフォリオ (金融資産の総体)",507
rack,《しばしば複合語を作って》(枠・網・棒などで作られた)…『掛け』,"《しばしば複合語を作って》(枠・網・棒などで作られた)…『掛け』,…『のせ』,…『棚』(たな)陳列棚;網棚 / 歯ざお(歯車を受ける直線のかみ合せ歯) / (昔の)拷問(ごうもん)台;《『the~』》拷問;(肉体・精神の)苦痛 / (肉体的・精神的に)(…で)〈人〉を苦しめる,悩ませる《+『名』+『with』+『名』》・「rack one's brains」で「知恵を絞る」 / ちぎれ雲,飛び雲 / 破滅,破壊",508
remodel,…を作り直す,"…を作り直す,改造する,…の型を直す",509
statistics,《複数扱い》『統計』,"《複数扱い》『統計』,統計資料,統計表 / 《単数扱い》『統計学』",510
tunnel,『トンネル』,"『トンネル』,地下道,坑道 / 〈山など〉にトンネルを掘る / 〈トンネルなど〉を掘る / トンネルを掘る",511
unlimited,(空間的に)限りない,"(空間的に)限りない,果てしない(boundless) / 無制限の,無条件の / 過度の,非常な(excessive)",512
vitamin,『ビタミン』,"『ビタミン』,栄養素(身体の正常な機能を維持するために少量ながら必要な有機化合物)",513
zoo,『動物園』,『動物園』,514
alert,『油断のない』,"『油断のない』,用心深い / (頭の回転・動作などが)機敏な / (動作が)敏しょうな / 〈U〉《しばしばthe ~》警戒,用心 / 〈C〉警報;警報発令期間 / (…に対して)…に警報(警告)を出す,警戒態勢をとらせる《+『名』+『to』+『名』》",515
auditorium,(教会・劇場などの)聴衆席,"(教会・劇場などの)聴衆席,観客席 / (学校などの)講堂;(演劇などのための)公会堂",516
celebrity,〈C〉有名人 ,〈C〉有名人 / 〈U〉名声,517
deduct,(総計・総額から)…を差し引く,"(総計・総額から)…を差し引く,控除する《+『名』+『from』+『名』》",518
disruption,混乱,"混乱,中断,分裂,崩壊[状態]",519
electrician,電気技師,"電気技師,電気工",520
enthusiastic,『熱狂的な』,"『熱狂的な』,熱烈な",521
graduation,〈U〉『卒業』(《英》では大学の卒業に限る) ,"〈U〉『卒業』(《英》では大学の卒業に限る) / 〈C〉《米》卒業式 / 〈C〉(計器などの)目盛り,度盛り",522
icy,『氷の』,"『氷の』,氷で覆われた / 『氷のように冷たい』 / 冷淡な,よそよそしい",523
irregular,『不規則な』;不定の ,"『不規則な』;不定の / (行いなどが)不規律な,乱れた / 不ぞろいな / (文法で)不規則変化の / 正規でない人(物),非正規兵 / 特価品",524
login,ログイン,ログイン,525
managerial,《名詞の前にのみ用いて》経営上の;経営者の,《名詞の前にのみ用いて》経営上の;経営者の,526
mineral,(動植物に対して)『無機物』 ,"(動植物に対して)『無機物』 / 『鉱物』,鉱石 / 《複数形で》《英》炭酸水,清涼飲料(mineral water) / 鉱物の,鉱物質を含む",527
motorcycle,オートバイ ,オートバイ / オートバイで行く,528
necessity,〈U〉《時にa ~》『必要』,"〈U〉《時にa ~》『必要』,必要性;必然,当然のこと・必要品〈C〉《しばしば複数形で》(…に)『どうしても必要なもの』,(…の)必需品《+『of』(『for, to』)+『名』》 / 〈U〉(貧乏・不幸などによる)困窮,窮乏",529
planner,計画者,"計画者,立案者",530
programmer,プログラマー,プログラマー,531
proofread,…を校正する ,"…を校正する / 校正刷りを読む,校正をする",532
recruiter,採用担当者,採用担当者,533
remainder,〈U〉《集合的に;複数扱い》残り,"〈U〉《集合的に;複数扱い》残り,残りの人(物) / 〈C〉(引き算の)残り;(割り算の)余り / 〈特に残本〉を安売りする",534
statue,『像』,"『像』,彫像,立像",535
steadily,『着実に』,"『着実に』,堅実に,たゆまずに",536
stockholder,=shareholder,=shareholder,537
vacant,(部屋・家・座席・土地などが)『あいている』,"(部屋・家・座席・土地などが)『あいている』,無人の / (地位・役職などが)『空席の』,欠員のある / 放心した,ぼんやりした;間の抜けた,ばかな / (時間などが)『あいている』,暇な",538
accessory,《通例複数形で》(…への)『付属品』,"《通例複数形で》(…への)『付属品』,アクセサリー《+『for』+『名』》 / (法律用語で)従犯者,犯人隠匿者 / 付属の / 従犯の",539
assembly,〈C〉(特定の目的をもった)『集会』,"〈C〉(特定の目的をもった)『集会』,『会合』,会議 / 《A-》(米国州議会の)下院 / 〈U〉(機械の)組立て;〈C〉組立て部品",540
basket,『かご』,"『かご』,『バスケット』 / (…の)かご1杯(basketful)《+『of』+『名』》 / (バスケットボールで)ゴールの網 / 得点",541
certification,〈U〉証明,"〈U〉証明,保証,認可,検定;証明書の交付 / 〈C〉証明書(certificate)",542
closure,〈U〉閉鎖;閉店,"〈U〉閉鎖;閉店,休業 / 〈U〉終止,終局 / 〈C〉《英》=cloture(議会の閉会)",543
dislike,…を『嫌う』(進行形にできない) ,"…を『嫌う』(進行形にできない) / (…を)『嫌いなこと』,いや気,嫌悪《+『for』(『of』)+『名』(do『ing』)》",544
downstairs,『階下へ』(『に』),"『階下へ』(『に』),下の階へ(で),(特に)1階へ(で) / 『階下の』(にある),(特に)1階の(にある) / 『階下』,下の階",545
expiration,(期限・権利などの)満了,"(期限・権利などの)満了,終結《+『of』+『名』》 / 《文》息を吐き出すこと,呼気",546
headache,『頭痛』 ,『頭痛』 / 《話》悩みの種,547
jam,ジャム ,"ジャム / (狭い場所などに)…を『押し込む』,詰め込む《+『名』+『into』(『in』,『between』)+『名』》 / 《しばしば受動態で》(…で)〈場所など〉を『ぎっしりふさぐ』《+『名』+『with』+『名』》 / …をぐいっと押す《+『名』+『on』,+『on』+『名』》 / 〈機械など〉を一部がつかえて動かなくする / (周波数の似た電波で混信させて)〈放送・通信〉を妨害する / 〈物が〉つかえる,詰まる / (一部分がつかえて)〈機械などが〉動かなくなる《+『up』》 / (狭い場所などに)しゃにむに入り込む《+『into』+『名』》 / (動きがとれないほどの)混雑,雑踏,押し合い / (機械などが)動かなくなること,故障 / 《話》苦しいはめ,苦境,窮地",548
nail,(手の)『つめ』(fingernail);《まれ》(足の)つめ(toe-nail);(鳥獣の)つめ(claw,"(手の)『つめ』(fingernail);《まれ》(足の)つめ(toe-nail);(鳥獣の)つめ(claw, talon) / 『くぎ』,びょう / (…に)…をくぎ(びょう)で止める《+『名』+『on』(『to』)+『名』》 / (…に)〈人,人の注意・目など〉をくぎ付けにする《+『名』+『on』(『to』)+名》 / 《話》…をつかまえる,しとめる;〈うそなど〉を見破る",549
optimistic,楽天主義の;楽観的な,"楽天主義の;楽観的な,のんきな",550
pedestrian,『歩行者』(walker) ,"『歩行者』(walker) / 《名詞の前にのみ用いて》歩行者の / (文体などが)月並みな,平凡な,ありふれた",551
projection,〈U〉突き出[させ]ること;〈C〉突起 ,"〈U〉突き出[させ]ること;〈C〉突起 / (影・映像などの)透写;(映画・スライドの)映写;〈C〉投影図,投射図 / 〈U〉発射,射出 / 〈C〉予測,予知 / 〈U〉〈C〉(自分の考え・感情を)人に投影すること",552
sleeve,『そで』(袖),"『そで』(袖),たもと / スリーブ(機械の軸棒などをはめ込む金具)",553
suburb,〈C〉(都市の近くの住宅地区としての)『郊外』,"〈C〉(都市の近くの住宅地区としての)『郊外』,近郊 / 《the suburbs》《集合的に》(中心街に対して都市の)郊外[住宅地]",554
takeover,(管理・支配などの)奪取,"(管理・支配などの)奪取,接収;(特に会社などの)乗っ取り",555
unsure,不安定な,"不安定な,不確実な",556
upstairs,階上へ(で),"階上へ(で),2階へ(で) / 階上の,2階の / 階上;2階;(…の)上の階《+of+名》",557
verbal,語の,"語の,言葉の;(意味とは関係なく)言葉の上だけの,語句だけの / 口頭の,口上の(oral) / 逐語的な,文字通りの / 動詞の,動詞的な / 準動詞(不定詞・分詞・動名詞の総称) / 《英話》自白 / 《英話》《おどけて》口げんか",558
visa,(旅券の)査証,"(旅券の)査証,ビザ,入国出国許可 / 〈旅券〉を査証する",559
wildlife,野生生物(特に野生動物),野生生物(特に野生動物),560
workforce,労働人口,"労働人口,全労働力",561
absent,不在の,"不在の,欠席した,欠けている,心を失った(忘却の) / (～から)〈人〉を欠席させる(+名+from+名)",562
accumulate,…を『蓄積する』,"…を『蓄積する』,ためる / 『たまる』,ふえる",563
appraisal,評価;鑑定;(物の)値踏み,評価;鑑定;(物の)値踏み,564
apprentice,(…の職業見習いの)徒弟,"(…の職業見習いの)徒弟,(昔の)年季奉公人《+『to』+『名』》 / (…に)〈人〉を徒弟に出す,見習い奉公に出す《+『名』+『to』+『名』》",565
businessman,『実業家』;『実務家』,『実業家』;『実務家』,566
ceiling,『天井』 ,"『天井』 / いちばん高い所,頂上 / (価格・賃金などの)最高限度 / (航空機の)上昇限度",567
colorful,色彩豊かな,色彩豊かな,568
compensate,(…に対して)〈人〉に『補償する』《+『名』+『for』+『名』》 ,(…に対して)〈人〉に『補償する』《+『名』+『for』+『名』》 / 〈損失など〉を『償う』 / 《米》…に報酬(給与)を支払う / (損失などを)『償う』《+『for』+『名』》,569
costume,〈U〉(ある時代・国民・地方などの特殊な)『服装』,"〈U〉(ある時代・国民・地方などの特殊な)『服装』,身なり / 〈C〉(特定の場合・季節のための)服装 / 〈U〉〈C〉(芝居・仮装舞踏会用などの)衣装 / …の衣装を用意する,に衣装をつけさせる",570
editorial,『社説』,"『社説』,論説(《英》leading article, leader) / 『編集者の』;編集上の / 社説の,論説の",571
effectiveness,有効性,有効性,572
facilitate,…を容易にする,"…を容易にする,楽にする,助ける,促進する",573
firefighter,=fireman,=fireman,574
gasoline,ガソリン,ガソリン,575
inappropriate,不適当な,"不適当な,ふさわしくない",576
internet,インターネット,インターネット,577
landlord,家主 ,"家主 / (旅館・下宿などの)『主人』,だんな",578
layout,(都市や建造物などの)設計《+『of』+『名』》 ,"(都市や建造物などの)設計《+『of』+『名』》 / (書籍・新聞の)割り付け,レイアウト《+『of』+『名』》",579
lunchtime,昼食時間,昼食時間,580
payroll,給料支払い簿 ,給料支払い簿 / 《単数形》給料支払い総額,581
pharmaceutical,調剤の,"調剤の,製薬の,薬学の / 調合薬,薬剤(drug)",582
plausible,(話などが)もっともらしい;(人が)口先じょうずな,(話などが)もっともらしい;(人が)口先じょうずな,583
premium,(購買心をそそるための)無料提供品,"(購買心をそそるための)無料提供品,値引き品,おまけ / 割増し金;奨励金 / (普通以上の)高い価値 / 保険料,保険掛け金",584
safely,『安全に』,"『安全に』,無事に / だいじょうぶ,さしつかえなく",585
simplify,…を簡単にする,"…を簡単にする,平易にする,単純にする",586
specialty,専門,"専門,専攻 / 特色,特性 / 特製品,特別品",587
tech,科学技術(technology),科学技術(technology),588
unexpected,『予期しない』,"『予期しない』,思いがけない",589
unspecified,特定されていない,特定されていない,590
adhere,〈物が〉(…に)『くっつく』,"〈物が〉(…に)『くっつく』,付着する,粘着する《+『to』+『名』》 / 〈人が〉(決心・主義などに)執着する,固守する《+『to』+『名』》",591
bankrupt,『破産者』,"『破産者』,支払い不能債務者 / 『破産して』 / 《補語にのみ用いて》(…を)欠いて,(…に)欠ける《+『of』(『in』)+『名』》 / …を破産させる;…を行きづまらせる",592
caution,〈U〉『用心』,"〈U〉『用心』,注意,慎重さ,用心深さ(prudence) / 〈C〉『警告』(『注意』)『の言葉』(『合図』,『しるし』) / …に『警告する』,用心させる",593
clip,『紙ばさみ』,"『紙ばさみ』,クリップ;留める物 / (機関銃の)挿弾子(そうだんし)、弾倉(だんそう) …を『はさむ』,はさんで留める / (はさんで)…を『切る』,切り取る / 〈羊毛・頭髪・庭木・芝など〉を刈り込む;〈ヒツジ・ウサギなど〉の毛を刈る / …を短くする,切りつめる / 《話》…をバチンとひっぱたく / 切る;刈り込む / 《話》す早く進む,すっ飛ばす / (頭髪・羊毛などを)刈り込むこと,切り取ること;刈られた物,刈り取った羊毛 / 《複数形で》刈り込みばさみ / 《話》鋭い一撃 / 《話》速度 / 《米話》1回,1度",594
comply,(要求・命令・規則などに)『従う』,"(要求・命令・規則などに)『従う』,応ずる《+『with』+『名』》",595
diner,食事をする人,"食事をする人,正餐(せいさん)客 / 《米》=dining car / (食堂車を固定し,あるいはこれに似せた)簡易食堂",596
duplicate,(他のものと)『そっくり同じの』,"(他のものと)『そっくり同じの』,『複製の』 / (同じようなものが)対になっている / (原物とそっくり同じ)『写し』,控え,複写,写本,複製[物](copy) / (2個同時に作製したものの)一方,(そっくり同じものの)片方,片割れ / 〈原本・原作など〉を複写する,複製する / …をそっくり模倣する / …を2重(2倍)にする / 〈同じこと〉を繰り返す",597
eager,《補語にのみ用いて》『熱望している』,"《補語にのみ用いて》『熱望している』,強く望んで / 『熱心な』",598
economist,経済学者,経済学者,599
embassy,〈C〉『大使館』 ,〈C〉『大使館』 / 〈C〉使節団 / 〈C〉大使館員,600
fasten,(…に)…を固定する,"(…に)…を固定する,つなぐ《+『名』+『to』(『on』,『upon』)+『名』》 / …を『締める』 / (…に)〈注意・視線など〉を集中する,じっと向ける《+『名』+『to』(『on』,『upon』)+『名』》 / (…に)〈責任など〉を押しつける《+『名』+『on』(『upon』)+『名』》 / 『締まる』,留まる",601
harmful,『有害な』,"『有害な』,害になる",602
informative,知識(情報)を与える,"知識(情報)を与える,有益な",603
institute,〈学校・政府・規則など〉を『設ける』,"〈学校・政府・規則など〉を『設ける』,設立する,制定する / 〈調査・訴訟など〉を始める,起こす / (学校・研究所・学会などの)『教育』(『学術』)『機関』",604
kit,〈C〉(特定の目的のための)用具(器具など)一式 ,〈C〉(特定の目的のための)用具(器具など)一式 / 〈C〉一式の用具を入れる箱(袋など) / 〈U〉《おもに英》(旅行者・水夫・兵士などの衣類など)身の回り品一式 / 〈C〉(全体を構成する)部品(材料)の一そろい / =kitten,605
locally,地方的に,"地方的に,局部的に;近くに",606
mentor,指導者,"指導者,師・(良き)助言者,顧問",607
nominate,(…の候補者として,"(…の候補者として,…に)…を『指名する』《+『名』+『for』+『名』》 / (…に)…を『任命する』(appoint)《+『名』+『to』(『as』)+『名』》",608
opt,(…を)選ぶ《+『for』+『名』》;(…するほうを)選ぶ《+『to』 do》,(…を)選ぶ《+『for』+『名』》;(…するほうを)選ぶ《+『to』 do》,609
parade,〈C〉〈U〉『行進』,"〈C〉〈U〉『行進』,『行列』;示威行進,団体行進 / 〈C〉(多くの人・車などの)長い列,行列《+『of』+『名』》 / 〈C〉(…の)見せびらかし,誇示;(これ見よがしの)陳列《+『of』+『名』》 / 〈C〉観兵式;観兵式場 / 〈C〉(海岸などの)遊歩道;歩行者の群れ,人波 / 『列を作って行進する』,練り歩く / 《しばしば軽べつして》(目立つように)歩き回る / 〈軍隊〉を観閲のために整列させる / 〈街・通りなど〉を『行進する』 / 《しばしば軽べつして》〈財産・能力など〉を見せびらかす,誇示する / 〈軍隊〉を観閲のために整列させる",610
physician,『医者』;(特に)『内科医』,『医者』;(特に)『内科医』,611
polish,…を『磨く』,"…を『磨く』,光らせる,のつやを出す / 〈態度・言葉など〉を『洗練する』,上品にする / 〈文章・演技など〉に磨きをかける / 磨いてつやが出る,滑らかになる / 《a ~》光沢,つや / 〈U〉〈C〉つや出し,みがき粉 / 《a ~》磨きをかけること / 〈U〉(態度・ふるまいの)洗練,上品さ",612
postage,『郵便料金』,"『郵便料金』,郵送料",613
recreational,レクリエーションの,"レクリエーションの,気晴らしの,娯楽の",614
rehearse,(公演前に)…をけいこする,"(公演前に)…をけいこする,リハーサルをする / 〈俳優など〉にけいこをつける / 《文》…を詳しく述べる,物語る",615
removal,(…か,"(…か,…を)移動すること《+『of』+『名』》 / 移転,引っ越し / (…の)解任,免職(dismissal)《+『of』+『名』》",616
satisfactory,『満足を与える』,"『満足を与える』,満足な,申し分のない",617
seasonal,季節の,"季節の,季節的,季節ごとの",618
separately,分かれて;別々に,"分かれて;別々に,単独で",619
turnover,〈C〉(車などの)転覆,"〈C〉(車などの)転覆,転倒 / 〈U〉《しばしば a…》(一定期間内の)総取り引き高,売り上げ高 / 〈U〉《しばしば s…》(一定期間内の)補充労働者の総数(割合) / 〈U〉《しばしば a…》(一定期間内の)商品の回転率 / 〈C〉〈U〉(半円形または三角形の)折り重ねパイ",620
unnecessary,『必要のない』,"『必要のない』,無用の,よけいな",621
accordingly,『従って』,"『従って』,それだから,それゆえ(therefore) / 『それに応じて』,適宜に",622
apple,『リンゴ』;リンゴの木,『リンゴ』;リンゴの木,623
applicable,適用(応用)できる;(…に)適用できる《+『to』+『名』》,適用(応用)できる;(…に)適用できる《+『to』+『名』》,624
auction,〈C〉〈U〉『競売』,"〈C〉〈U〉『競売』,せり売り / 〈U〉=auction bridge / 〈物〉を競売にかける,せり売りする",625
balcony,『バルコニー』,"『バルコニー』,露台 / (劇場の)2階さじき",626
basement,地階,"地階,地下室",627
beforehand,前もって[の],"前もって[の],あらかじめ[の]",628
culinary,台所[用]の;料理[用]の,台所[用]の;料理[用]の,629
documentary,『文書の』,"『文書の』,文書に基づく,文書から成る / 『事実を扱った』,事実を伝える / (映画・テレビなどの)記録もの,実録,ドキュメンタリー",630
downturn,折り返し ,"折り返し / (景気などの)下降,下押し",631
earthquake,『地震』,『地震』,632
elegant,(人・服装・デザインなどが)『優雅な』,"(人・服装・デザインなどが)『優雅な』,上品な;(趣味・習慣などが)『風雅な』,高雅な / みごとな,すばらしい;要を得た,的確な",633
excessive,『度を越した』,"『度を越した』,過度の,極端な",634
generic,(生物分類上の)属(genus)の ,(生物分類上の)属(genus)の / ある種類(群)全体にあてはまる / (商品が)特定銘柄品でない / (文法で)総称的な,635
jazz,『ジャズ』 ,"『ジャズ』 / 《俗》大ぼら,大うそ,ナンセンス / 〈曲〉をジャズふうに演奏(編曲)する / 《俗》〈パーティーなど〉を活気づける,〈曲など〉を陽気にする《+『up』+『名』》",636
lifetime,『生涯』,"『生涯』,一生 / 一生の,終生の",637
massage,マッサージ,"マッサージ,あんま術 / …をマッサージする",638
maximize,最大化する,最大化する,639
mild,(人,"(人,人の気性・態度などが)『柔和な』,ものやわらかな,温和な / (程度・力・効果などが)『適度な』,ほどよい / (病気などが)そんなにひどくない,軽い / (気温が)おだやかな / (味・においが)強くない,ぴりぴりしない / マイルド(苦みの少ないビールの一種)",640
ongoing,進行中の,進行中の,641
periodically,定期的に,定期的に,642
pie,パイ ,パイ / =pi,643
plug,(穴・すきまなどをふさぐ)『栓』,"(穴・すきまなどをふさぐ)『栓』,くさび / (電気の)『差し込み』,プラグ / 《話》=spark plug / 消火栓(fireplug) / (一口分に切った)かみたばこ / 《話》(テレビ・ラジオの番組にはさんだ)宣伝,広告 / 《米俗》老いぼれ馬 / 〈穴・すきまなど〉を『ふさぐ』,にせんをする《+『up』+『名』,+『名』+『up』》 / …のプラグを差し込む《+『in』+『名,』+『名』+『in』》;(コンセントに)…のプラグを差し込む《+『名』+『into』+『名』》 / 《話》(…に)こつこつ(せっせと)取り組む《+『away』(『along』)『at』+『名』》",644
recruitment,新兵徴募,"新兵徴募,新会員募集;《古》補充,補強",645
referee,(スポーツ競技の)審判員,"(スポーツ競技の)審判員,レフェリー / 仲裁人,調停者 / …の審判をする / 審判をする",646
referral,〈U〉参照(照会,"〈U〉参照(照会,委託,言及)すること;〈C〉参照(照会,委託,言及)された人(事) / 〈C〉推薦された人",647
renown,(…で)『高名』,"(…で)『高名』,『名声』《+『for』+『名』》",648
runner,『走る人』,"『走る人』,競走者;(野球の)走者 / (昔の)使者,飛脚;使い走りする人;集金人 / (スケート・そりの)滑走部,すべり / (廊下・階段などに敷く)細長いじゅうたん / (細長い)テーブルセンター / (イチゴなどの)匍匐(ほふく)枝,つる",649
sock,『短い靴下』,"『短い靴下』,ソックス / (こぶしなどで)…を殴る,強打する / 強打 / まともに,じかに",650
spam,スパム(コンビーフに似た豚肉かん詰の商標名:アメリカ軍に占領された歴史の長い場所,スパム(コンビーフに似た豚肉かん詰の商標名:アメリカ軍に占領された歴史の長い場所、例えば沖縄・ハワイ・フィリピンなど、で郷土料理に採り入れられることが多い)・迷惑メール・迷惑メールを送る,651
surf,(海岸・岩に砕ける)寄せ波,"(海岸・岩に砕ける)寄せ波,岸打つ波 / (砕ける波の)白いあわ / 波乗りをする,サーフィンする / 投げ釣りの",652
timetable,時間表,"時間表,時間割り;(鉄道の)時刻表 / (…のために)…の計画表(時間割り)を作る《+名+for+名》;(…するように)…の計画表を作る《+名+to do》",653
vase,『花びん』;(装飾用の)つぼ,『花びん』;(装飾用の)つぼ,654
aboard,(船・航空機・列車などに)乗って ,(船・航空機・列車などに)乗って / (船・航空機・列車など)の中へ(に),655
advancement,〈U〉〈C〉進歩,"〈U〉〈C〉進歩,発達(advance) / 〈U〉(…の)促進,振興《+『of』+『名』》 / 〈U〉(…への)昇進,進級《+『to』+『名』》",656
advertiser,広告者,"広告者,広告主",657
alternatively,あるいは、代わりに,あるいは、代わりに,658
amuse,(…で)〈人,"(…で)〈人,自分自身〉を『楽しませる』,おかしがらせる《+『名』+『with』+『名』,+『名』+『by』 do『ing』》",659
attorney,《米》=lawyer ,《米》=lawyer / 代理人,660
authorization,権限を与えること,"権限を与えること,委任;許可すること",661
campus,(大学などの)『構内』,"(大学などの)『構内』,キャンパス;学園 / 《米》(大学の)分校",662
candy,《米》『砂糖菓子』,"《米》『砂糖菓子』,キャンデー(《英》sweets) / 《英》氷砂糖(sugar candy) / …を砂糖づけにする 砂糖で煮る / (煮つめて)…を結晶させる / …を甘くする / 氷砂糖状に固まる",663
certify,…を証明する,"…を証明する,保証する,確認する / (…を)保証する《+『to』+『名』》",664
checkout,(セルフサービスの店の)精算所 ,(セルフサービスの店の)精算所 / チェックアウト(泊り客がホテルの部屋をあけること;その時刻),665
chemistry,『化学』 ,"『化学』 / 化学的性質,化学反応,化学作用",666
circulation,〈U〉『血液の循環』,"〈U〉『血液の循環』,血行 / 〈U〉(貨幣の)流通;(情報・うわさなどの)流布伝達;(新聞・雑誌など,印刷物の)配布 / 〈C〉(新聞・雑誌などの)発行部数",667
concierge,ホテルのフロントスタッフ〈C〉,ホテルのフロントスタッフ〈C〉,668
consent,(…に)『同意する』,"(…に)『同意する』,承諾する《+『to』+『名』(do『ing』)》 / …に同意する,賛成する / 『同意』,承諾,許可",669
consistently,一貫して;矛盾なく,"一貫して;矛盾なく,きまって",670
cookie,クッキー,クッキー,671
deck,『デッキ,"『デッキ,甲板』 / デッキ状の部分(バス・電車の床,トラックの荷台,電気装置の配置台など) / 《おもに米》(カードの)1組(《英》pack) / 《話》地面 / (…で)…を飾る,装飾する《+『out』+『名』+『with』+『名』》 / (…で)…を美しくする,めかす《+『out』+『名』+『in』+『名』》",672
descriptive,記述的な,"記述的な,叙述的な,説明的な;(…を)記述(説明)している《+『of』+『名』》 / 詳しく述べられた",673
detach,(…から)…を引き離す,"(…から)…を引き離す,分離する,取り外す《+『名』+『from』+『名』》 / (特別任務に)〈部隊・軍艦など〉を派遣する,分遣する",674
documentation,文書調べ,"文書調べ,文書による証拠固め / 資料,証拠書類",675
entrepreneur,企業家 ,企業家 / 興行主(《米》producer),676
exceptional,『例外の』,"『例外の』,まれな / 非常にすぐれた",677
familiarize,慣れさせる、習熟させる,慣れさせる、習熟させる,678
hotline,(政府首脳間の)緊急直通電話線;《the hot line》米露首脳間の専用直通回路,(政府首脳間の)緊急直通電話線;《the hot line》米露首脳間の専用直通回路,679
intonation,(声の)抑揚,"(声の)抑揚,音調 / 詠唱,吟唱",680
invention,〈U〉(…の)『発明』《+『of』+『名』》 ,"〈U〉(…の)『発明』《+『of』+『名』》 / 〈C〉『発明品』 / 〈U〉〈C〉『作り事』,でっち上げ / 〈U〉発明の才[のあること]",681
irritate,…を『怒らせる』,"…を『怒らせる』,『いらだたせる』 / …を刺激する;…に炎症を起こさせる",682
locker,ロッカー,"ロッカー,錠つき戸だな",683
overlook,…を『見落とす』,"…を『見落とす』,見逃す / …を『大目に見る』,に目をつぶる / 〈人が〉…を『見おろす』 / 〈場所が〉…を『見渡せる』,見おろす",684
patent,『特許』,"『特許』,特許権,パテント / 『専売特許品』,特許となっている製法 / 専売特許証 / (一般に特権などを授ける)公式証書 / 《名詞の前にのみ用いて》専売特許の / 《名詞の前にのみ用いて》《英話》賢い,独特な,まねのできない / 明白な / …の特許[権]を取る / …に特許[権]を与える",685
payable,(金を払っても)採算のとれる ,(金を払っても)採算のとれる / 《補語にのみ用いて》(…に)支払われるべき《+『to』+『名』》,686
preliminary,『準備する』,"『準備する』,『予備の』;前置きの / 《通例複数形で》準備の処置,予備行動,下準備 / 予備試験;前座試合;予選",687
salesman,(通例腕ききの)『男子店員』,"(通例腕ききの)『男子店員』,販売係 / セールスマン,男子外交販売員",688
sauna,(フィンランドの)蒸しぶろ ,(フィンランドの)蒸しぶろ / サウナぶろ(浴場),689
smoothly,(またsmooth)滑らかに,"(またsmooth)滑らかに,円滑に;平隠に",690
sunshine,『日光』 ,"『日光』 / 日なた / (物事の)『明るさ』,陽気,快活",691
tow,(ロープや鎖で)〈自動車など〉を引く,"(ロープや鎖で)〈自動車など〉を引く,引っ張って行く / 〈C〉引くこと;〈U〉引かれている状態 / 〈C〉引かれて行く車(船) / (ロープを作るのに使う)麻くず",692
translator,(特に専門の)翻訳者,"(特に専門の)翻訳者,翻訳家",693
tuition,(大学・私立学校などの)授業料 ,"(大学・私立学校などの)授業料 / 授業,教授",694
unavailable,利用できない,利用できない,695
violation,(約束・法律などの)違反,"(約束・法律などの)違反,無視《+of+名》 / 《おもに文》(静けさなどを)乱すこと;(権利などの)侵害 / 不敬,冒瀆 / 《文》暴行",696
webpage,ウェブページ,ウェブページ,697
acceptance,〈U〉受け取ること,"〈U〉受け取ること,認めること,受け入れられていること;同意 / 〈U〉(手形の)引受け;〈C〉引受済み手形",698
allocate,(…に)…を配分する,"(…に)…を配分する,割り当てる《+『名』+『to』(『for』)+『名』》",699
ambitious,『大望を抱いた』,"『大望を抱いた』,野心のある,大志を抱いた / (仕事・計画などが)野心的な,大がかりな;(悪い意味で)大げさな,高望みの",700
appendix,(本・論文などの)付録,"(本・論文などの)付録,補遺,追加 / 虫様突起",701
booth,(木の枝・帆布などでできた)仮小屋 ,"(木の枝・帆布などでできた)仮小屋 / 売店,屋台店 / (特定の用途のための)小さく仕切った部屋,ブース / (喫茶店などの)ボックス,仕切席",702
clarify,…を明らかにする,"…を明らかにする,理解しやすくする / 〈液体・空気など〉を澄ませる,浄化する / 〈思想・意味などが〉分かりやすくなる,明解になる / 澄む,透明になる",703
classmate,『級友』,"『級友』,同級生",704
compile,〈資料など〉をまとめる ,〈資料など〉をまとめる / 〈辞書など〉を編集する,705
correction,〈U〉『訂正』,"〈U〉『訂正』,修正,調整 / 〈C〉訂正箇所,訂正の書き入れ / 〈U〉(よくするための)処罰,叱責(しっせき)",706
customize,特注で作る、カスタマイズする,特注で作る、カスタマイズする,707
dedication,〈U〉奉納,"〈U〉奉納,献納 / 〈U〉献身,専念 / 〈C〉献呈の辞",708
diagnose,〈病気〉を診断する,〈病気〉を診断する,709
discontinue,〈続けていること〉をやめる,"〈続けていること〉をやめる,停止する,中止する / 中止になる",710
dishwasher,(食堂の)皿洗い[人] ,(食堂の)皿洗い[人] / [自動]皿洗い機,711
drought,『干ばつ』,"『干ばつ』,日照り続き",712
economize,節約する,節約する,713
entrée,メインディッシュ、入場,メインディッシュ、入場,714
firework,花火;花火大会 ,花火;花火大会 / (怒りなどの)爆発,715
freight,〈U〉貨物運送 ,"〈U〉貨物運送 / 〈U〉運送料,運賃《米》運賃先払い(《英》carriage forward) / 〈U〉[運送]貨物,積み荷 / (また『freight train』)〈C〉《米》貨物列車(《英》goods train) / 〈船・貨車〉に(…の)貨物を積む《+『名』+『with』+『名』》 / (貨物として)…を運送する",716
fry,…を『油で揚げる』,"…を『油で揚げる』,油でいためる / 揚げ物になる,揚がる / 《話》(日光浴などして)焼く,日焼けする / (野外で行う)揚げ物の会食 / 幼魚,稚魚",717
gallon,ガロン(液量の単位;《米》3.7853リットル;《英》4.546リットル),ガロン(液量の単位;《米》3.7853リットル;《英》4.546リットル),718
gardener,『植木屋』,"『植木屋』,庭師,園丁",719
ideally,理想的に,"理想的に,申し分なく / 観念的に",720
inclusive,『全部を含んだ』,"『全部を含んだ』,包括的な / 《数詞などの後に用いて》(勘定などに)含めて,入れて(《略》『incl.』)",721
insufficient,不十分な,"不十分な,不適当な",722
introductory,紹介の;前置の;序文の,紹介の;前置の;序文の,723
junk,廃品,"廃品,くず(古材・古鉄・古紙・ぼろなど) / 《話》(一般に)値打ちのないもの;がらくた(rubbish) / 《俗》ヘロイン / (廃品として)…を捨てる / ジャンク(中国の平底帆船)",724
ma'am,《話》『奥様』,"《話》『奥様』,先生 / 《英》女王様,王女様,奥方様",725
mileage,《時にa ~》(一定期間に走った)総マイル数 ,《時にa ~》(一定期間に走った)総マイル数 / 《時にa ~》(一定量の燃料による)自動車走行マイル数 / 《時にa ~》マイル当たりの費用 / 《話》使用[量];利益,726
noisy,(人・声などが)『やかましい』,"(人・声などが)『やかましい』,騒々しい,(場所が)騒音に満ちている",727
pan,(通例ふたのない片柄の)『平なべ』 ,"(通例ふたのない片柄の)『平なべ』 / 平なべ状の物;(はかりなどの)皿;(砂金などを砂利から分ける)選鉱なべ / 硬質地層 / …を平なべで煮る / 〈砂金など〉をえり分ける,選鉱する《+『off』(『out』)+『名,』+『名』+『off』(『out』)》 / 《話》…をこきおろす,酷評する / (…を得るために)選鉱なべで洗う《+『for』+『名』》 / (映画・テレビで,全景を写すために)〈カメラ〉を上下(左右)に動かす,パンする / カメラを上下(左右)に動かして撮る,パンする",728
parcel,(…の)『包み』,"(…の)『包み』,『小包』,小荷物《+『of』+『名』》 / 《米》(地面などの)区画 / 《しばしば軽べつして》《a~》(同類の人・輩の)群れ《+『of』+『名』》 / 〈土地など〉を区画に分ける,分割する《+『out』+『名』,+『名』+『out』》 / …を包みにする《+『up』+『名』,+『名』+『up』》",729
pasta,パスタ(マカロニやスパゲティの類),パスタ(マカロニやスパゲティの類),730
periodical,=periodic ,"=periodic / 定期刊行の / (月刊などの)『定期刊行物』,雑誌",731
pill,『丸薬』;《the pill》《話》ピル(経口避妊薬) ,"『丸薬』;《the pill》《話》ピル(経口避妊薬) / (耐えなければならない)不快なこと,苦しいこと / 《通例単数形で》《俗》いやなやつ",732
portable,『持ち運びのできる』,"『持ち運びのできる』,携帯用の / 携帯用器具,ポータブル(タイプ・ラジオなど)",733
punctual,『時間』(『期限』)『を守る』,"『時間』(『期限』)『を守る』,時間どおりの",734
recreation,作り直し;〈C〉作り直したもの ,"作り直し;〈C〉作り直したもの / 『レクリエーション』,気晴らし,娯楽",735
relieve,〈物事が〉〈苦痛・悩みなど〉を『和らげる』,"〈物事が〉〈苦痛・悩みなど〉を『和らげる』,『軽減する』 / 〈物事が〉〈人〉の苦痛(悩み)を軽くする,をほっとさせる,安心させる / 〈困っている人〉を『救済する』;〈被災地〉を救援する / (職務などから)〈人〉を交替させる,解雇する《+『名』+『of』+『名』》 / (重い物・大変なものを)〈人〉から取り除く,取り上げる《+『名』〈人〉+『of』+『名』》 / 〈単調なもの〉に変化を与える / 〈物事〉をきわ立たせる,引立てせる",736
reminder,思い出させる人(もの);(思い出させるための)助言;催促状,思い出させる人(もの);(思い出させるための)助言;催促状,737
rumor,噂,噂,738
scarf,『スカーフ』,"『スカーフ』,えり巻き / 《米》掛け布;テーブル掛け,ピアノ掛けなど",739
seaside,『海岸』,"『海岸』,海辺 / 海辺の",740
shorten,…を『短くする』,"…を『短くする』,縮める / 〈ケーキなど〉にショートニングを加えてさくさくさせる / 短くなる",741
specially,(比較変化なし)『特に』,"(比較変化なし)『特に』,わざわざ / (普通ではなく)特別に / 並みはずれて,きわだって",742
spill,(特に,"(特に,うっかりして)〈液体・粉など〉を『こぼす』 / 《しばしば受動態で》《おもに文》(人を傷つけて)〈血〉を流す / 〈馬・車などが〉〈人など〉をほうり出す,振り落す / 《話》〈秘密など〉をもらす;(…に)…をもらす《+『名』+『to』+『名』》 / 〈液体・粉などが〉『こぼれる』,流れ出る / こぼれること,こぼすこと / こぼれたもの / 落ちること;落馬 / (点火用の)付け木,こより",743
spouse,配偶者,"配偶者,夫,妻",744
subtract,(数字などについて)(…から)…を『引く』,"(数字などについて)(…から)…を『引く』,減じる《+名+from+名》 / 引き算をする",745
tablet,(銘文などを彫り込む,"(銘文などを彫り込む,金属・石の)銘板 / (昔文字を記した粘土などの)書字板 / 《まれ》(はぎ取り式の)メモ帳,便せん帳(pad) / 錠剤,(チョコレート・石けんなどの)板状小片",746
ton,(重量単位の)『トン』 ,"(重量単位の)『トン』 / (容積単位の)トン(物によって異なり,木材では40立方フィート,小麦では20立方フィート) / 《話》大量(の…),多数(の…)《+of+名》",747
vend,(特に)〈小さな品物〉を売る,"(特に)〈小さな品物〉を売る,行商する / (法律で)〈土地など〉を売却する",748
yoga,ヨガ[の行](黙想的修行),ヨガ[の行](黙想的修行),749
accent,〈C〉〈U〉『アクセント』,"〈C〉〈U〉『アクセント』,『強勢』;アクセント記号 / 〈C〉(言葉の)なまり / 《複数形で》『口調』,音調(tone) / 〈C〉〈U〉強調,重視 / …にアクセントをおく;…にアクセント符号をつける / …を強調する,目立たせる",750
advisory,勧告の,"勧告の,忠告の;諮問の",751
asleep,『眠って』;永眠して ,『眠って』;永眠して / 〈手足などが〉しびれて,752
authentic,信頼できる,"信頼できる,確かな / 本物の,ほんとうの;模写ではない",753
bakery,パン製造所,"パン製造所,パン屋",754
carton,カートン,"カートン,段ボールの箱;カートン1杯(の…)《+『of』+『名』》",755
compartment,区画,"区画,仕切り / (客車の)個室;(船の)隔室",756
compatible,(…と)両立できる,"(…と)両立できる,矛盾のない《+『with』+『名』》",757
consumption,『消費』《時に形容詞を伴ってa~》(…の)消費高(量) ,"『消費』《時に形容詞を伴ってa~》(…の)消費高(量) / (体力の)消耗 / 《古》肺病,肺結核",758
conveniently,『都合よく』,"『都合よく』,便利に",759
cosmetic,(口紅・クリーム・整髪料などの)化粧品 ,(口紅・クリーム・整髪料などの)化粧品 / 化粧用の / あら隠しの,760
courtesy,〈U〉『礼儀』,"〈U〉『礼儀』,丁重,丁寧さ / 〈C〉丁重な行い(言葉),親切な行い(言葉)",761
creativity,独創性,独創性,762
disagreement,〈U〉(…間の)不一致,"〈U〉(…間の)不一致,不調和《+between+『名』》 / 〈C〉(…の間の)意見の相違;争い,不和《+between+『名』》",763
disappointment,〈U〉『失望』,"〈U〉『失望』,落胆,期待はずれ / 〈C〉失望の原因となる物(事,人),期待に反する物(事,人)",764
dissatisfy,〈人〉に不満を抱かせる,〈人〉に不満を抱かせる,765
enjoyable,おもしろい,"おもしろい,愉快な,楽しめる",766
faculty,〈C〉(…の)『才能』,"〈C〉(…の)『才能』,能力《+『for』(『of』)+『名』(do『ing』)》 / 〈C〉(身体器官の)『機能』(function);(精神的)能力・〈C〉(大学の)『学部』 / (大学の学部の)『教授団』・(大学の)全教職員",767
favorable,好意的な、有利な,好意的な、有利な,768
foreman,(工場などの)職長,"(工場などの)職長,(建設工事などの)監督 / 陪審長",769
forum,《the Forum》(古代ローマの)大広場,"《the Forum》(古代ローマの)大広場,市場(商業取引や裁判・政治などの集会所として用いられた) / 〈C〉(公開討論・批判などの)広場,フォーラム / 〈C〉討論会",770
founder,創設者,"創設者,設立者 / 〈船が〉(浸水により)沈没する / 〈計画・事業などが〉失敗する,つぶれる / 〈馬が〉過労で倒れる / 鋳物(いもの)師",771
fundraise,資金を集める,資金を集める,772
graphics,《単数扱い》製図法 ,《単数扱い》製図法 / 《複数扱い》=graphic arts,773
handy,『取り扱いに便利な』,"『取り扱いに便利な』,手ごろな,重宝な / 《話》すぐ手元の,すぐ使える(at hand) / (人が)『器用な』,手先の達者な;(…を)巧みに使う《+『at』(『about, with』)+『名』》",774
hazardous,冒険的な,"冒険的な,危険な",775
healthcare,医療、健康管理,医療、健康管理,776
humidity,湿気,"湿気,湿度",777
influential,『有力な』,"『有力な』,影響を及ばす;勢力のある",778
nationwide,全国的な,全国的な,779
pad,(衝撃・摩擦などを防ぐ)『当て物』,"(衝撃・摩擦などを防ぐ)『当て物』,クッション,詰め物;(洋服の肩などの)パッド,(球技用の)胸当て:すね当て;(いすなどの)敷き物 / はぎ取り式の帳面,用紙つづり / (また『inkpad』)スタンプ台,インク台 / (犬・ウサギなどの)足裏の柔らかいふくらみの部分 / (スイレンなどの)大きな浮き葉 / (ロケットなどの)発射台(launching pad) / 《俗》(自分が住む)部屋,家 / 《俗》《the pad》わいろ / (…で)…に『当て物をする』,詰め物をする,パッドを入れる《+『名』+『with』+『名』》 / (不必要な文句を入れて)〈文など〉を引き延ばす《+『out』+『名』+『with』+『名』》 / (費用などを)〈帳簿など〉に水増しして記帳する《+『名』+『with』+『名』》 / 足音を立てずに歩く / (足音などの)静かな音",780
paraphrase,(原文を)別の言葉で置き換えること,"(原文を)別の言葉で置き換えること,言い換え / (説明するために)〈文章・語句など〉を言い換える,やさしい言葉に置き換える",781
placement,置くこと,"置くこと,配置 / 職業紹介 / (アメリカンフットボールで)プレースキックのためボールを地に置くこと",782
postal,『郵便の』,『郵便の』,783
publicity,『広く知られていること』,"『広く知られていること』,周知;評判 / (…についての)宣伝,広報《+『about』+『名』》;(…の)広報《+『for』+『名』》",784
renter,〈C〉賃借人,"〈C〉賃借人,借地人 / (まれに米南部の古風な用法で貸し手)",785
repairperson,修理人,修理人,786
repeatedly,繰り返して,"繰り返して,再三再四",787
restroom,(公共施設の)手洗所,(公共施設の)手洗所,788
silently,『静かに』 ,『静かに』 / 『黙って』,789
spa,鉱泉,"鉱泉,温泉 / 温泉場",790
spreadsheet,表計算ソフト,表計算ソフト,791
stapler,製本機,"製本機,針金つづり機,ホッチキス",792
streamline,…を流線型にする ,…を流線型にする / を近代化(能率化)する,793
substantially,概して,"概して,本質的に / 十分に,豊富に",794
teller,話し手,"話し手,語り手 / 《おもに米》(銀行の)現金出納係 / (議会の)投票集計係",795
tidy,『きちんとした』,"『きちんとした』,整然とした;(人・動物などが)きれい好きな,自分をきれいにしている / 《話》かなりの / …をきちんとする,整とんする《+名+up,+up+名》 / かたづける,整とんする《+up》",796
toll,〈鐘が〉(にっくり規則的に繰り返して)鳴る ,"〈鐘が〉(にっくり規則的に繰り返して)鳴る / (ゆっくり規則的に繰り返して)〈鐘〉を鳴らす / 〈鐘が〉…を知らせる / 鐘を鳴らすこと / 鐘の音 / (橋・道路などの)『使用[通行]料金』,使用税 / (長距離電話などの)『料金』,サービス料 / 《通例単数形で》(災難などの)被害の程度,犠牲(死傷)負数",797
toner,トナー,トナー,798
urgently,至急、緊急に,至急、緊急に,799
walkway,(玄関から通りまで,"(玄関から通りまで,また工場内などの)歩行者用通路",800
absorb,〈液体〉を『吸収する』,"〈液体〉を『吸収する』,吸い込む / 〈光・音・熱・エネルギーなど〉を吸収する / 〈思想など〉を取り入れる / 〈国・町・村など〉を併合する;(…に)…を併合する《+『名』+『into』+『名』》 / 〈心・注意・時間〉を『すっかり奪う』",801
administer,…を管理する ,…を管理する / (薬・援助など)を与える / (罰・非難など)を加える / …を施行する,802
ample,広い,"広い,広々とした / 《数えられない名詞・複数名詞の前に用いて》『十分な』(enough),あり余るほどたくさんの(abundant) / ふくよかな,豊満な(full)",803
antique,(物・形が)古風な,"(物・形が)古風な,旧式の,時代遅れの(old-fashioned) / 古い時代の,古来の / 〈C〉古物,古器,骨董(こっとう)品 / 《the ~》古代美術,古代様式",804
bean,『豆』(おもにいんげん豆・そら豆など大きめの豆類) ,『豆』(おもにいんげん豆・そら豆など大きめの豆類) / 豆のさや(pod) / 豆に似た実 / 《俗》頭 / 《俗》(野球で)ビーンボールを投げる,805
browse,《副詞[句]を伴って》漫然とながめる,"《副詞[句]を伴って》漫然とながめる,ざっと目を通す / 〈牛・シカなどが〉若葉(新芽)を食べる,草を食べる / …に若葉(新芽)を食べさせる;〈若葉・新芽〉を食べる / (牛・シカなどが食べる)草,細枝,新芽",806
bye,二の次の事(物) ,"二の次の事(物) / 付随的な,副次的な / バイ(クリケットで打者が打たない球が守備者を通り越した場合の得点)",807
careless,(人が)『不注意な』,"(人が)『不注意な』,軽率な / 《補語にのみ用いて》(…に)『無とんじゃくな』,無関心な,(…を)気にしない《+『of』+『名』(『wh-節』)》 / 《名詞の前にのみ用いて》(仕事などが)『不注意な』,不用意な",808
collector,(…の)収集家,"(…の)収集家,採集者《+『of』+『名』》 / (…の)集金人,取り立て人;徴税官;(一般に)(…を)集める人《+『of』+『名』》",809
conform,(慣例・規範などに)『従って行動する』(『考える』)《+『to』(『with』)+『名』》・〈物事が〉(…と)一致する,"(慣例・規範などに)『従って行動する』(『考える』)《+『to』(『with』)+『名』》・〈物事が〉(…と)一致する,符合する《+『to』+『名』》・(…に)…を一致させる,適応させる《+『名』+『to』+『名』》",810
congestion,(人・貨物などの)密集,"(人・貨物などの)密集,充満;混雑,雑踏・うっ血,充血",811
contradiction,否定,"否定,反ばく / 矛盾",812
contrary,『反対の』,"『反対の』,相いれない / 逆の,逆方向の;意に反した / 《話》ひねくれた,強情な,意地の悪い(perverse) / 〈C〉 / 《the~》『正反対』; / 《しばしば複数形で》相反するもの;相反する性質 / (…の)反対に,逆に,(…に)反して《+『to』+『名』〈事〉,+『with』+『名』〈人〉》",813
diploma,(大学・専門学校などの)卒業証書,"(大学・専門学校などの)卒業証書,修了証書 / (一般に)免許状,特許状,賞状 / 《複数形で》古文書",814
distributor,分配する人(物),"分配する人(物),配分者 / 販売会社,販売者;(特に)卸売り業者 / (エンジンの)配電器",815
dive,(…から水中などに)『頭から飛び込む』《+『from』(『off』)+『名』+『into』(『in』)+『名』》 ,"(…から水中などに)『頭から飛び込む』《+『from』(『off』)+『名』+『into』(『in』)+『名』》 / (…を取ろうと)『潜る』,潜水する《+『down for』+『名』》 / (…へ向かって)急降下する,急潜航する《+『down toward』+『名』》 / (…に)駆け込む,逃げ込む《+『into』+『名』》 / (…に)手を突っ込む《+『in』(『into』)+『名』》 / (仕事・問題などに)飛び込む《+『in』(『into』)+『名』》 / …を急降下させる,急潜航させる / 『飛び込み』 / (飛行機の)急降下;(潜水艦・潜水夫などの)急潜航 / 《話》怪しげなナイトクラブ,いんちき酒場",816
energetic,『精力的な』,"『精力的な』,元気旺盛な",817
environmentally,環境的に,環境的に,818
escalator,『エスカレーター』[もと商標名],『エスカレーター』[もと商標名],819
exotic,外来の,"外来の,外国産の / 異国ふうの;風変わりな",820
fabric,〈C〉〈U〉『織物』,"〈C〉〈U〉『織物』,編物 / 〈U〉織り方;織地 / 〈U〉構造,組織 / 〈U〉構造物,建造物",821
generalization,一般化,一般化,822
guidance,『指導』;『案内』;指揮 ,"『指導』;『案内』;指揮 / (児童・生徒の)指導,ガイダンス / (宇宙船・ミサイルなどの)誘導[装置]",823
gum,〈U〉ガム,"〈U〉ガム,ゴム(植物から分泌される乳状の液(水に溶け,空気中で凝固する) / 〈U〉ゴムのり / 〈U〉=chewing gum / =gum tree / 〈U〉目やに / …にゴムを塗る;…をゴムのりでつける / ゴムを分泌する;〈樹木が〉やにを出す / 歯ぐき / ちえっ!畜生!)",824
hesitant,ちゅうちょする;(…を)ためらう《+about+名(doing)》 ,ちゅうちょする;(…を)ためらう《+about+名(doing)》 / 口ごもる,825
indicator,指示する人(物),"指示する人(物),指示器,表示器;指針 / (リトマスなどの)指示薬",826
individually,個々に,"個々に,個別的に / 個人として,個人的に / 個性的に,独自のやり方で",827
junior,『若いほうの』,"『若いほうの』,『年下の』;年少者から成る(向けの) / (役職などが)下の,下級の;後進の,後輩の / 《米》(大学・高校の4(3,2)年制で)3(2,1)年生の / 《通例one's~》『年少者』,年下の人;下位の人,後輩 / 《米》(大学・高校の4(3,2)年制で)3(2,1)年生(卒業の年の前年) / 《J-》《米》うちの息子",828
lifestyle,生き方,"生き方,生きざま",829
likewise,『同様に』(in the same way) ,『同様に』(in the same way) / …もまた(also);さらに(moreover),830
morale,(軍隊・国民の)士気,"(軍隊・国民の)士気,風紀",831
orchestra,『オーケストラ』,"『オーケストラ』,管弦楽団 / オーケストラの楽器一式 / (またorchestra pit)(劇場の)オーケストラ席(舞台と客席の間に一段低く設けられている) / 《米》(劇場の1階前方の)上等席;1階[席]",832
organizational,組織上の,"組織上の,構成上の",833
outlook,…の『見通し』,"…の『見通し』,見込み《+『for』+『名』》 / (…についての)見解,見地《+『on』+『名』》 / (…の)『展望』,ながめ,景色《+『on』(『over』)+『名』》",834
physics,『物理学』,『物理学』,835
pole,(木製・金属性などの)『棒』,"(木製・金属性などの)『棒』,さお / 柱 / (牛車・馬車の)ながえ / ボール(長さの単位,5.03メートル;面積の単位,25.3平方メートル) / …を棒で動かす(押す,突く,たたく) / (地球などの)『極』 / 電極;磁極;(核・細胞などの)極 / (性格・意見などの)相反対",836
puzzle,《単数形で》(頭を)『悩ませる物』(『事』,"《単数形で》(頭を)『悩ませる物』(『事』,『人』),難問,難物 / 《しばしば複合語で用いて》(遊び用の)『パズル』,判じ物,なぞ / 〈難問が〉〈人〉の頭を悩ませる;(…について)〈頭〉をひねって考える《+『名』+『about』(『over』)+『名』》 / (…に)頭を悩ませる,(…を)頭をひねって考える《+『about』(『as to, over』)+『名』》",837
reflexive,(文法で)再帰の ,"(文法で)再帰の / 再帰動詞;再帰代名詞(たとえば『He』 enjoyed himself.においてenjoyedを再帰動詞,himselfを再帰代名詞という)",838
snowy,『雪の』,"『雪の』,『雪の降る』 / 雪におおわれた,雪深い / 雪のように白い",839
steak,『ステーキ』,"『ステーキ』,(特に)ビフテキ(beefsteak);(料理用の肉・魚の)厚い切り身",840
sticker,ステッカー,"ステッカー,のり付きラベル / 《米》いが;とげ / 《話》粘り強い人",841
telecommunication,電気通信,電気通信,842
timely,時宜を得た,時宜を得た,843
uncomfortable,(物が)『心地よくない』 ,(物が)『心地よくない』 / (人が)『不愉快に感じる』,844
amenity,《the amenities》礼儀正しい行為(言葉) ,"《the amenities》礼儀正しい行為(言葉) / 〈U〉〈C〉快適さ,ここちよさ;楽しさ",845
approximate,(数量の点で)『近似の』,"(数量の点で)『近似の』,おおよその / 《『approximate to』+『名』》(…に)『近い』,ほぼ等しい / (ある状態・量・額などの点で)…に『近づく』,接近する / (…の額に)…を概算する,見積もる《+『名』+『at』+『名』》",846
await,〈人が〉…を『待つ』 ,"〈人が〉…を『待つ』 / 〈物・事が〉〈人〉を待ちうける,待ちかまえる",847
barbecue,バーベキュー,"バーベキュー,《米》バーベキューパーティー(園遊会) / バーベキュー用の台 / 〈食用肉〉をじか火で焼く;…を濃く味つけしたソースで料理する",848
beginner,初学者,"初学者,初心者 / 創始者",849
biology,『生物学』,『生物学』,850
blanket,『毛布』 ,"『毛布』 / (毛布にように)一面に広がっておおう物 / …を毛布でおおう,(毛布でおおうように)…を一面におおう / 包括的な,総括的な",851
chairperson,議長,議長,852
charitable,慈悲深い,"慈悲深い,情け深い;(…に対して)慈悲深い《+『to』+『名』》 / 慈善の,慈善のための / 寛大な,寛容な",853
checkup,照合,"照合,試験,検査 / 健康診断",854
cooler,冷却装置;冷却器,"冷却装置;冷却器,クーラー / 清涼飲料 / 《俗》《the cooler》留置場",855
crane,ツル(鶴) ,"ツル(鶴) / 起重機,クレーン / 自在かぎ / (よく見ようとして)〈首〉を伸ばす / 首を伸ばす",856
dealership,(ある地域内の)商品販売権;その権利を持つ業者,(ある地域内の)商品販売権;その権利を持つ業者,857
dependable,信頼できる,"信頼できる,頼りになる,当てにできる(reliable)",858
disconnect,〈二者〉の関係を絶つ;〈電話・電源など〉を切る;(…から)…を分離する《+『名』+『from』+『名』》,〈二者〉の関係を絶つ;〈電話・電源など〉を切る;(…から)…を分離する《+『名』+『from』+『名』》,859
dispose,(…に備えて)…を『配置する』,"(…に備えて)…を『配置する』,整える(arrange)《+『名』+『for』+『名』(do『ing』)》 / 《『dispose』+『名』+『to』 do》〈人〉を(…する)『気にさせる』 / (…に)〈人〉が影響されやすいようにする,(…の影響を)〈人〉が受けやすいようにする《+『名』〈人〉+『to』+『名』》",860
disrupt,…を混乱させる ,…を混乱させる / (一時的に)…を中断させる,861
dynamic,活動的な、動的な,活動的な、動的な,862
enthusiastically,熱狂的に,熱狂的に,863
freelance,自由契約者(専属でない自由契約の寄稿家・記者・芸術家・俳優など) ,自由契約者(専属でない自由契約の寄稿家・記者・芸術家・俳優など) / 自由契約者として働く / (仕事などが)自由契約の,864
grill,(また『gridiron』)(肉・魚などの)焼き網 ,"(また『gridiron』)(肉・魚などの)焼き網 / 焼き肉,焼き魚 / =grillroom / 〈肉・魚など〉を焼き網で焼く / 〈容疑者など〉を厳しく尋問する / 〈肉などが〉(火で)焼ける;酷熱に身をさらす",865
habitual,《名詞の前にのみ用いて》(行いが)『癖になった』,"《名詞の前にのみ用いて》(行いが)『癖になった』,いつもの,常習的な / (人が)『常習の』 / (物事が)いつもの,例の",866
internationally,国際的に,国際的に,867
invaluable,計り知れないほど貴重な,計り知れないほど貴重な,868
messenger,『使いの者』,"『使いの者』,走り使い;(電報・郵便物・小包の)配達人;(公文書の)送達吏",869
paperback,紙表紙本,"紙表紙本,ペーパーバック / ペーパーバックの",870
rebate,(代金の一部の)払い戻し,"(代金の一部の)払い戻し,割引 / 〈代金の一部〉を払い戻す,割り引く",871
recur,〈問題・病気などが〉再び起こる,"〈問題・病気などが〉再び起こる,繰り返される / (心・記憶などに)〈考え・でき事などが〉再び浮かぶ《+『to』+『名』》 / (もとの話・考えなどに)戻る,立ちかえる《+『to』+『名』》 / (数学で)循環する",872
reproduce,〈場面など〉を『再現する』,"〈場面など〉を『再現する』,〈音など〉を再生する / …を『複製する』,『複写する』 / 〈動物が〉〈子孫〉を生む,〈植物が〉〈同類〉を繁殖させる / 〈動植物が〉繁殖する / 〈芸術作品などが〉複製(再生)できる",873
spray,(花・葉・実をつけた)小枝;小枝形の装飾;小枝模様 ,"(花・葉・実をつけた)小枝;小枝形の装飾;小枝模様 / 〈U〉(水や他の液体の)『しぶき』,水煙 / 《a~》(…の)しぶき,噴霧《+『of』+『名』》 / 〈U〉〈C〉噴霧液,散布液 / 〈C〉噴霧器,スプレー / (…に)…を『吹きかける』《+『名』+『on(upon)』+『名』》 / (…に)しぶきをかける,しぶきになって出る《+『on(over)』+『名』》",874
staple,つぼくぎ(電線などを固定する『U』字形のくぎ) ,"つぼくぎ(電線などを固定する『U』字形のくぎ) / (書類・製本用の)留め金,ホッチキスの針 / …をつぼくぎで止める;…を留め金でとじる / 〈C〉《複数形で》(ある国・地方の)主要産物,重要商品 / 〈C〉《通例複数形で》基本(必需)食品 / 〈C〉《通例複数形で》主要素,主成分;主題 / 〈U〉繊維;(繊維の)標準品位 / 〈U〉原料 / 主要な,重要な / (ある地域の)特産の",875
strategic,戦略的な,戦略的な,876
stripe,『筋,"『筋,しま』 / 《複数形で》(軍服のそでにつける)記章,そで章(階級・勤続年数などを表す) / むち打ち / …にしまをつける",877
teen,=teenage ,=teenage / =teenager,878
tempt,(無分別・悪事などに)〈人〉を『誘惑する』,"(無分別・悪事などに)〈人〉を『誘惑する』,そそのかす / …を『そそる』,の気を引く",879
timer,(作業・競技などの)時間記録係,"(作業・競技などの)時間記録係,計時員 / 秒時計,ストップウォッチ / ある決められた時間に機械,器具などが動くように制御する装置,タイマー",880
unload,(…から)〈荷・乗客〉を『降ろす』《+名+from+名》 ,(…から)〈荷・乗客〉を『降ろす』《+名+from+名》 / 〈船・車など〉の積み荷を降ろす / 〈銃・大砲など〉から弾丸を抜く / (また《英》off-load)〈悩みなど〉を口にする;(人)〈悩みなど〉を打ち明ける《+名+to(on)+名〈人〉》 / 《話》〈不用品など〉を処分する / 〈船などが〉積み荷を降ろす,881
unusually,『異常に』,"『異常に』,一風変わって / 《話》非常に,ひどく",882
vacate,〈席・家・場所など〉をあける,"〈席・家・場所など〉をあける,立ちのく / 〈地位・役職など〉を退く,辞任する",883
whale,鯨: 捕鯨に従事する 〔話〕 非常に大きい[すごい]もの (a ～ at [for,"鯨: 捕鯨に従事する 〔話〕 非常に大きい[すごい]もの (a ～ at [for, on] …の得意[熱心]な人) / (棒・むち・手などで)…を打つ,打ちのめす ひどく打つ / …を打ち負かす",884
wisely,『賢明にも』,"『賢明にも』,思慮深く",885
amateur,(専門家に対して)アマチュア,"(専門家に対して)アマチュア,しろうと / 愛好者,ファン / 未熟者,未経験者 / アマチュアの,しろうとの",886
ambassador,『大使』,『大使』,887
anew,《文》新たに,"《文》新たに,再び",888
architectural,建築術(学)の;建築の,建築術(学)の;建築の,889
attain,〈目的・望みなど〉を『達成する』,"〈目的・望みなど〉を『達成する』,獲得する(gain, accomplish) / 〈高い所・ある年齢など〉に『達する』(reach, come to) / (努力して)(…に)到達する《+『to』+『名』》",890
balloon,『気球』,"『気球』,軽気球 / (おもちゃの)風船 / (気球のように)ふくれる《+『out』(『up』)》 / (気球のように)ふくれた",891
blueprint,(建築・機械の設計図の)青写真 ,(建築・機械の設計図の)青写真 / (詳細な)計画 / …を青写真にとる,892
bug,《米》昆虫,"《米》昆虫,(一般に)虫;(特に)カブトムシ(beetle) / 《おもに英》=bedbug / 《話》病原菌 / 《話》(機械の)故障 / 《話》(病的な)熱狂家;《the ~》…熱 / 《話》隠しマイク / …に隠しマイクを取り付ける / 《おもに米》…を悩ます,てこずらせる",893
cautious,『用心深い』,"『用心深い』,慎重な",894
circuit,『回ること』;一周,"『回ること』;一周,一巡 / (牧師・裁判官・外交員などの定期的な)巡回 / 巡回する経路,巡回区域;(特に)巡回裁判区 / (電気の)配線系統,回路 / (映画館・劇場などの)チェーン,興行系統 / (チーム・クラブ・競技場などの)連盟,リーグ / (土地・物などの)周囲,回り / 境界線で囲まれた区域",895
clap,(短く鋭い)ピシャリ(パチン,"(短く鋭い)ピシャリ(パチン,バタン,ガタン)という音 / 《単数形で》平手打ち / 〈手〉を『パチン』(『パチパチ』)『とたたく』 / …をピシャリ(パチン)とたたく(打ちつける) / (激励・あいさつとして)〈人〉をポンとたたく / (ある方向・状態に)…を急に動かす,さっと送る / (…に)手をたたく《+『for』+『名』》 / ピシャン(パチン,バタン)と音を立てる",896
commerce,(…との)『商業』,"(…との)『商業』,通商,貿易(trade)《+『with』+『名』》",897
convey,(…に)…を『運ぶ』,"(…に)…を『運ぶ』,運搬する《+『名』+『to』+『名』》 / 〈思想・意味など〉を伝達する / (…に)〈財産など〉を正式に譲渡する《+『名』+『to』+『名』》",898
cord,〈U〉〈C〉『綱,"〈U〉〈C〉『綱,ひも』(stringより太くropeより細い) / 〈U〉〈C〉束縛,きずな / 〈C〉〈U〉(電気の)『コード』,線 / (またchord)〈C〉(動物体の)索状組織,腱(けん) / 〈C〉うね織り,(特に)コールテン;(うね織りの)うね;《複数形で》コールテンのズボン / 〈C〉コード(材木の容積の単位で約3.62m³) / …を綱(ひも)で縛る",899
counselor,カウンセラー、相談役,カウンセラー、相談役,900
debit,(簿記で)借り方,"(簿記で)借り方,借り方記入 / (ある金額を)…の借り方に記入する《+『名』+『with』+『名』(=額)》 / (相手に)〈金額〉を借り方として記入する《+『名』〈金額〉+『against』+『名』》",901
delicate,(形状・感触などが)『繊細な』,"(形状・感触などが)『繊細な』,精巧な,きめの細かい / (におい・色などが)『柔らかい』,うすい / (ガラス器具などが)『壊れやすい』 / (身体が)『か弱い』(frail),きゃしゃな / (問題などの取扱いが)『微妙な』,むずかしい / (技術などが)精密な,高度の;(計器などが)敏感な / (対人的に)神経の細かい",902
dependence,(…に)頼ること,"(…に)頼ること,(…への)依存,依頼《+『on(upon)』+『名』》 / (…への)信頼,信用《+『on』+『名』》",903
distraction,〈U〉気を散らすこと,"〈U〉気を散らすこと,注意散漫 / 〈C〉気を散らすもの,気晴らし / 〈U〉精神錯乱,狂気(文語)",904
downsize,人員削減する、小型化する,人員削減する、小型化する,905
elephant,『ゾウ』 ,『ゾウ』 / (共和党の象徴としての)象,906
enthusiasm,(…に対する)『熱中』,"(…に対する)『熱中』,『熱狂』,熱意《+『for』(『about』)+『名』》",907
enthusiast,…狂;(…に)熱中している人《+『about』+『名』》,…狂;(…に)熱中している人《+『about』+『名』》,908
evident,『明白な』,"『明白な』,はっきりした",909
flexibility,柔軟性,"柔軟性,しなやかさ;適応性,融通性",910
flextime,フレックスタイム制,フレックスタイム制,911
fortunately,『運よく』,"『運よく』,幸いにも",912
freighter,貨物船;貨物輸送機 ,貨物船;貨物輸送機 / 貨物運送業者,913
generator,発電機(dynamo) ,発電機(dynamo) / ガス(蒸気)発生器,914
hallway,=hall3,=hall3,915
hamburger,《米》〈U〉牛のひき肉(ground beef) ,《米》〈U〉牛のひき肉(ground beef) / (また『Hamburg steak』)〈C〉ハンバーグステーキ(牛のひき肉を焼いたもの) / 〈C〉(また《米話》『burger』)ハンバーガー(ハンバーグステーキをはさんだサンドイッチ),916
hazard,危険,"危険,冒険;(…にとっての)危険物《+『to』+『名』》 / (ゴルフや障害レースの)障害物 / 〈生命・財産など〉を危険にさらす / …を思い切ってする(言う)",917
homeowner,家の所有者,家の所有者,918
imperative,『命令的な』,"『命令的な』,断固とした / (行動などが)『避けられない』,のっぴきならない / (文法で動詞が)命令法の / (文法で)命令法;〈C〉命令文",919
inflate,(空気・ガスなどで)…をふくらます《+『名』+『with』+『名』》 ,"(空気・ガスなどで)…をふくらます《+『名』+『with』+『名』》 / 〈物価・株式など〉を釣り上げる;〈通貨〉を膨張させる / (誇り・満足などで)〈人〉を慢心させる《+『名』+『with』+『名』》 / ふくらむ,膨張する",920
insert,(…に)…を『差し込む』,"(…に)…を『差し込む』,挿入する《+『名』+『in』(『into, between』)+『名』》 / 挿入物;(別刷りの)差し込みページ;(新聞などの)折り込みビラ",921
lecturer,(…の)講演者;(大学の)講師《+『in』+『名』》 ,"(…の)講演者;(大学の)講師《+『in』+『名』》 / 訓戒する人,しかる人",922
meaningful,有意義な,"有意義な,意義のある",923
memorize,暗記する,暗記する,924
merchant,(比較的大規模に商品を扱う)『商人』;貿易商 ,"(比較的大規模に商品を扱う)『商人』;貿易商 / 『小売業者』 / 商業の,商人の",925
modification,修正(変更)した(された)もの ,修正(変更)した(された)もの / 〈U〉〈C〉(文法で)修飾,926
occupant,(ある家・土地などの)居住者,"(ある家・土地などの)居住者,占有者《+『of』+『名』》",927
overcharge,(…に対して)〈人〉に不当な代金を請求する《+『名』〈人〉+『for』(『on』)+『名』》・〈銃砲〉に装薬し過ぎる;〈バッテリー〉に充電し過ぎる・不当な高値・積み過ぎ;詰め過ぎ;過充電;装薬過多・荷を積みすぎる,(…に対して)〈人〉に不当な代金を請求する《+『名』〈人〉+『for』(『on』)+『名』》・〈銃砲〉に装薬し過ぎる;〈バッテリー〉に充電し過ぎる・不当な高値・積み過ぎ;詰め過ぎ;過充電;装薬過多・荷を積みすぎる,928
oversee,〈仕事・人〉を監督する,〈仕事・人〉を監督する,929
petition,(正式の)『請願書』,"(正式の)『請願書』,陳情書 / 『請願』,陳情 / …に『請願する』,陳情する / (…を)『請願する』,陳情する《+『for』+『名』》",930
pillow,『まくら』 ,『まくら』 / (まくらなどに)〈頭〉を載せる《+『名』+『on』(『in』)+『名』》 / 〈頭など〉のまくらになる,931
popcorn,ポップコーン(とうもろこしの一種をいったもの),ポップコーン(とうもろこしの一種をいったもの),932
pottery,〈U〉製陶術,"〈U〉製陶術,陶器製造 / 〈U〉《集合的に》陶器類 / 〈C〉陶器製造所",933
professionally,職業的に,"職業的に,専門的に",934
publicize,公表する、宣伝する,公表する、宣伝する,935
ray,『光線』;熱線;放射線 ,"『光線』;熱線;放射線 / 《a ~》(希望などの)一筋(ひとすじ),ごく少量《+『of』+『名』》 / 放射状に突き出たもの;(ヒトデなどの)腕 / (魚の)エイ",936
redecorate,〈建物の内部〉を改装する ,〈建物の内部〉を改装する / 改装する,937
refinery,精製所;精錬所,精製所;精錬所,938
refresh,(飲食物・休息などが)〈人〉を『再び元気にする』,"(飲食物・休息などが)〈人〉を『再び元気にする』,〈気分など〉を再びさわやかにする",939
refundable,返金可能な,返金可能な,940
reimbursement,払い戻し,"払い戻し,返済,弁償",941
reliability,信頼できること;確実性,信頼できること;確実性,942
reluctant,(人が)『気が進まない』,"(人が)『気が進まない』,(行為などが)いやいやながらの",943
sewer,縫う人,"縫う人,針子 / 下水管",944
skate,=ice skate ,"=ice skate / =roller skate / 『スケートをする』,氷滑りをする / ガンギエイ",945
skateboard,スケートボード(路上などで遊ぶ車輪付きの長方形の板) ,スケートボード(路上などで遊ぶ車輪付きの長方形の板) / スケートボードですべる,946
sleepy,『眠い』;眠そうな ,"『眠い』;眠そうな / 眠ったような,活気のない / (ナシ・バナナなどが)うれ過ぎた",947
tailor,(男子服の)『洋服屋』,"(男子服の)『洋服屋』,仕立て屋 / 〈男子服〉を『仕立てる』 / (特定の目的に合うように)〈物・計画など〉を『作る』《+名+to+名》 / 洋服屋(仕立て屋)をする",948
termination,〈U〉終了 ,〈U〉終了 / 終結 / 終止 / 〈C〉終わりの時点 / 終了させること / 解雇,949
theft,盗み;窃盗罪,盗み;窃盗罪,950
thunderstorm,大雷雨,"大雷雨,雷を伴ったあらし",951
transmission,(また transmittal)〈U〉(…を)伝える(送る)こと,"(また transmittal)〈U〉(…を)伝える(送る)こと,(…が)伝えられる(送られる)こし,(…の)伝達,伝送《+of+名》 / 〈C〉(ラジオ・テレビなどで)送られたもの(画面・番組など) / 〈C〉伝動装置,(車の)変速装置,ギヤ",952
transmit,〈手紙・品物など〉を送る,"〈手紙・品物など〉を送る,(ある人・場所・物から他へ)…を伝える,移す / (相続・遺伝などによって子孫に)〈財産・性質など〉を伝える《+名+to+名》 / (媒介によって)〈光・熱・音・力など〉を伝える,伝導する;〈ラジオ・テレビなどの内容〉を放送する,〈信号など〉を送信する",953
unused,使用していない ,使用していない / 《補語にのみ用いて》(…に)慣れていない《+to+名(doing)》,954
waive,〈権利・主張など〉を自分から放棄する(撤回する) ,〈権利・主張など〉を自分から放棄する(撤回する) / …をとりあえず見送る(延期する),955
yen,『円』(日本の通貨単位;《略》\) ,"『円』(日本の通貨単位;《略》\) / (…に対する)切望,あこがれ《+for+名》,(…したいという)切望《+to do》 / (…を)熱望する,切望する,あこがれる《+for+名》,(…したいと)切望する《+to do》",956
activate,…を活動的にする ,…を活動的にする / …に活性化する,957
additionally,その上,"その上,さらに",958
affirmative,肯定的な ,"肯定的な / 〈U〉〈C〉肯定,是認;〈C〉肯定語 / 《the ~》(討論会での)賛成者側",959
baker,『パン屋』,"『パン屋』,パン焼き職人",960
brainstorm,(突然の一時的な)精神錯乱 ,"(突然の一時的な)精神錯乱 / 《米話》ひらめき,突然浮かんだ名案",961
cage,『鳥かご』;(動物の)『おり』 ,『鳥かご』;(動物の)『おり』 / 鳥かご(おり)のような物;エレベーターの箱 / 野球の打撃練習用の移動バックネット / 獄舎 / …をかご(おり)に入れる,962
cinema,〈C〉『映画館』(《米》movie theater) ,〈C〉『映画館』(《米》movie theater) / 《the ~》映画産業;《集合的に》『映画』(《米》movie[s]),963
collaboration,(…との)共同,"(…との)共同,協力;共作,合作,共著《+『with』+『名』》",964
condominium,〈U〉〈C〉共同管理[地] ,〈U〉〈C〉共同管理[地] / (また《話》『condo』)〈C〉《米》分譲アパート(マンション),965
consecutive,(間をおかず)連続した,"(間をおかず)連続した,引き続く / (論理的に)一貫性のある",966
cordless,ひものない;(電気器具が)コード(線)不要の,"ひものない;(電気器具が)コード(線)不要の,(特に)電池式の",967
deluxe,豪華な,豪華な,968
desirable,『望ましい』,"『望ましい』,好ましい / (特に)性的欲望を起こさせるような,魅力たっぷりの",969
discrepancy,(…との)相違,"(…との)相違,不一致,食い違い《+『between』+『名』》",970
dispatch,(…へ)〈電報・手紙など〉を『送る』,"(…へ)〈電報・手紙など〉を『送る』,〈使者・軍隊など〉を急送する,特派する《+『名』+『to』+『名』》 / 〈仕事・食事など〉を手早く済ませる / 《遠回しに》…を殺す(kill) / 〈U〉『急送』;急派,特派 / 〈U〉(仕事などの)敏速な処理,手早さ / 〈C〉ニュース特報,至急報;急送公文書",971
drawback,(…の)障害,"(…の)障害,妨げ《+『to』+『名』》;不利,欠点,短所",972
dull,(刃・先端が)『鈍い』,"(刃・先端が)『鈍い』,なまくらの / (光・音・色などが)『鈍い』,はっきりしない / (天気・空が)どんよりした,曇った,うっとうしい / (感覚が)鈍い / 頭の鈍い,愚鈍な / (痛みが)鈍い / 退屈な,おもしろくない / (人が)元気のない;(商売などが)不活発な / 〈刃など〉を『鈍らせる』,〈痛みなど〉を鈍くする,ある程度まで和らげる,〈光・色など〉を曇らせる / 『鈍くなる』,曇る,ぼんやりする",973
economically,倹約して ,倹約して / 経済的に,974
evenly,等しく,"等しく,平等に / 平らに,なめらかに / 落ち着いて,平静に",975
excellence,(…における)優秀さ,"(…における)優秀さ,卓越《+『in』(『at』)+『名』》,(…として)優れていること《+『as』+『名』》",976
exclusively,排他的に,"排他的に,独占的に;全く(solely)",977
farewell,『さらば』,"『さらば』,ごきげんよう(good-by) / 『別れの言葉』 / (…との)別れ,いとまごい《+『to』+『名』》 / 別れの",978
fatigue,〈U〉(心身の激しい)『疲労』,"〈U〉(心身の激しい)『疲労』,疲れ / 〈C〉労働,労役,疲れさせるもの / 〈U〉(軍でのそうじ,料理などの)雑役 / 《複数形で》《米》(軍での)作業服 / …を『疲労させる』",979
fiscal,国庫の ,"国庫の / 財務の,会計の",980
fleet,『艦隊』 ,"『艦隊』 / (車・飛行機などの)隊,団《+『of』+『名』》 / 速い(fast, swift) / すばやく動く",981
flour,『小麦粉』,"『小麦粉』,メリケン粉 / (一般に穀類の)粉末,粉 / …に粉をまぶす;〈穀物〉を粉にひく",982
fog,霧,"霧,もや / 霧状(の…),(…の)霧《+『of』+『名』》 / (写真のネガの)曇り,かぶり / …を霧(霧状のもの)でおおう / 《話》《受動態で》〈人・頭など〉を混乱させる / 霧(もや,かすみなど)で包まれる(曇る)",983
formally,正式に,正式に,984
gram,グラム,グラム,985
handbook,手引き,"手引き,便覧,学習書 / 案内書,旅行案内",986
headphone,ヘッドフォン(電話・ラジオなどの耳に当てる受信器),ヘッドフォン(電話・ラジオなどの耳に当てる受信器),987
heater,(ストーブ・スチームなどの)暖房装置,"(ストーブ・スチームなどの)暖房装置,ヒーター",988
helmet,(軍人やアメリカンフットボール,"(軍人やアメリカンフットボール,ホッケーなどの運動選手,消防夫,坑夫などが頭を保護するためにかぶる)『ヘルメット』,鉄かぶと / (中世の武士が用いた)かぶと / (フェンシングの)面",989
hiker,徒歩旅行者,"徒歩旅行者,ハイカー",990
homeless,家のない,家のない,991
lighter,(また『cigarette lighter』)(たばこの)ライター ,(また『cigarette lighter』)(たばこの)ライター / (一般に)点火器 / 火(明かり)をつける人 / はしけ / …をはしけで運ぶ,992
loudly,『大声で』,"『大声で』,『騒々しく』,声高に / はでに,けばけばしく",993
loyalty,〈U〉(…に対する)忠義,"〈U〉(…に対する)忠義,忠誠;忠実,忠節《+『to』+『名』》 / 〈C〉《複数形で》忠実な行為;忠節関係",994
microwave,(無線電信・電話の)極超短波,"(無線電信・電話の)極超短波,マイクロウェーブ(波長1m以下の電波;レーダーなどに使用する)",995
misidentify,見間違える,見間違える,996
neat,(見た目に)『きちんと整った』,"(見た目に)『きちんと整った』,小ぎれいな / (人などが)きれい好きな;(服装などが)さっぱりした / (やり方・話し方などが)手ぎわのよい / 《米話;現在はまれ》すばらしい,すてきな / 《話》(酒などが)水で割らない,ストレートの",997
nomination,指名[権],"指名[権],任命[権];(…を…に)指名(任命)すること《+『of』+『名』+『to』+(『as, for』)+『名』》",998
officially,公選上,"公選上,職務がら / 公式に / 形式的には,表面上は",999
outfit,(ある特定の目的のための)『装備一式』,"(ある特定の目的のための)『装備一式』,道具一式《+『for』+『名』》 / 服装一そろい,アンサンブル / 《話》(1つの)集団,隊,部隊;会社,企業 / (…で)…にしたく(服装)を整えてやる,を装備する,支給する《+『名』+『with』+『名』》",1000
pastry,〈U〉練り粉 ,〈U〉練り粉 / 〈C〉〈U〉練り粉製のケーキ(パイなど),1001
personalize,個人的なものにする、名入れする,個人的なものにする、名入れする,1002
poorly,『貧しく』,"『貧しく』,乏しく,不十分に / 『へたに』,まずく / 健康がすぐれない,病身な",1003
prestigious,誉れの高い,"誉れの高い,高名な;尊敬されている",1004
purser,(客船・客機の)事務長,(客船・客機の)事務長,1005
reassure,〈人〉に自信を取り戻させる,〈人〉に自信を取り戻させる,1006
resume,〈中断した仕事・話など〉を『再び始める』,"〈中断した仕事・話など〉を『再び始める』,再び続ける / …を再び取る,取り戻す / 再び始める",1007
reunion,〈U〉再結合すること ,"〈U〉再結合すること / 〈U〉(親しい者たちの)再会,同窓会",1008
revolutionize,革命をもたらす,革命をもたらす,1009
seafood,シーフード、海産物,シーフード、海産物,1010
signify,《文》〈物事が〉…の『印である』,"《文》〈物事が〉…の『印である』,を表す,意味する / 《文》〈人が〉(合図・言動で)…を『示す』 / 《文》(合図・言動で)知らせる / 《話》《通例否定文で》重要である,関係(影響)する(matter)",1011
slot,細長いみぞ(くぼみ,"細長いみぞ(くぼみ,口);(自動販売器などの)料金投入口 / (リスト・予定表・ある組合せなどの中で占める)場所,位置 / …に細長いみぞ(小穴)をつける / …を区分けする,位置につける",1012
steer,〈船・車・飛行機など〉の『かじをとる』,"〈船・車・飛行機など〉の『かじをとる』,を操縦する;《しばしば比喩(ひゆ)的に》〈人〉を操る / 〈進路・道〉を操縦して進む / …を導く,に道を教える / 操縦する / 進路をとる / 〈船・車などが〉かじ(ハンドル)がきく / 助言,忠告 / 去勢された食用の雄ウシ[の子]",1013
sue,(…の件で)〈人など〉を告訴する,"(…の件で)〈人など〉を告訴する,訴える《+名〈人〉+for+名》 / (…の件で)告訴する,訴える《+for+名》 / (…を)請う,請求する,懇願する《+for+名》",1014
superb,(形・内容などが)りっぱな,"(形・内容などが)りっぱな,一流の / (建物などが)堂々とした,壮麗な / (衣装などが)豪華な,目もあやな",1015
traditionally,伝説的に;伝統的に,"伝説的に;伝統的に,しきたり通りに",1016
tremendous,(大きさ・量・強度などで)『ものすごい』,"(大きさ・量・強度などで)『ものすごい』,途方もない / 『恐ろしい』,ぞっとさせる / 非常にすばらしい(wonderful)",1017
underway,進行中で,進行中で,1018
unpleasant,『不愉快な』,"『不愉快な』,不快感を与える,いやな",1019
violin,『バイオリン』,『バイオリン』,1020
ward,〈C〉『病棟』,"〈C〉『病棟』,病室 / 〈C〉(刑務所の)監房 / 〈U〉(未成年者などの)後見,保護;〈C〉被後見人 / 〈C〉(行政区画の)『区』 / 〈U〉警備,見張り / 〈危険・病気など〉を避ける,から身を守る《+off+名,+名+off》",1021
worthwhile,時間(費用,"時間(費用,手間)をかけるだけの価値がある,やりがいのある",1022
adapter,《米》(電気・機械の)接続変換器,"《米》(電気・機械の)接続変換器,アダプター / (書籍や作品などの)脚色者,翻案者",1023
advisable,勧めることができる,"勧めることができる,得策の",1024
archive,公文書、保存記録,公文書、保存記録,1025
artistic,『芸術的な』 ,"『芸術的な』 / 芸術(美術)の;芸術家(美術家)の / 美的感受性に富む,美のわかる",1026
assurance,〈C〉『保証』,"〈C〉『保証』,請け合い / 〈U〉『確信』,自信 / 〈U〉《英》保険(insurance)",1027
athletic,『運動競技の』;運動家の,"『運動競技の』;運動家の,運動家らしい / 強健な",1028
attire,(…に)…に装わせる,"(…に)…に装わせる,盛装させる《+『名』+『in』+『名』》 / 《文》衣装,服装",1029
auditor,《まれ》聞き手,"《まれ》聞き手,傍聴人 / 会計検査官,監査役 / 《米》(大学で単位を取らない)聴講生",1030
bankruptcy,破産[状態],"破産[状態],倒産 / (性格などの)破たん",1031
bulk,『かさばっていること』 ,"『かさばっていること』 / 《the bulk》(…の)大部分,大半《+『of』+『名』》 / ばら荷;(船の)積み荷 / かさばる,大きく見える",1032
butter,『バター』 ,『バター』 / (バターに似た)パンに塗る食品 / …にバターを塗る,1033
centimeter,センチメートル,センチメートル,1034
circulate,〈血液・空気などが〉『循環する』,"〈血液・空気などが〉『循環する』,巡る / 〈うわさなどが〉『広まる』;〈本・新聞などが〉(特に広範囲に)『配布される』,売られる / 〈血液・空気など〉を『循環させる』;〈物〉を回す,回覧させる / 〈うわさなど〉を『広める』;〈本・新聞など〉を配布する",1035
comb,『くし』;くし状の物 ,"『くし』;くし状の物 / くしでとかすこと,くし入れ / (綿・羊毛などをすく)すき機 / (鶏の)とさか / 波がしら / ハチの巣(honeycomb) / 〈髪〉を『くしですく』,とく;〈羊毛など〉をすく / (…を捜して)…をしらみつぶしに捜索する《+『名』+『for』+『名』》",1036
comfortably,『ここちよく』,"『ここちよく』,気楽に,なに不自由なく",1037
compliance,(要求・命令などへの)承諾,"(要求・命令などへの)承諾,応諾 / 服従,盲従",1038
contraction,〈U〉〈C〉(…の)収縮,"〈U〉〈C〉(…の)収縮,短縮《+『of』+『名』》 / 〈U〉(通貨・資金・支出などの)縮小,節減《+『of』+『名』》 / 〈U〉(いやなこと・よくないことを)身に負うこと,(悪習などが)身につくこと《+『of』+『名』》 / 〈C〉陣痛",1039
cookbook,料理の本(《英》 cookery book),料理の本(《英》 cookery book),1040
cushion,『クッション』,"『クッション』,座ぶとん / クッション状の物;(衝撃などを和らげるための)詰め物,まくら / 玉突台のクッション / …にクッションを当てる;〈衝撃など〉をクッションを当てて和らげる",1041
dose,(おもに飲み薬1回分の)『服用量』 ,"(おもに飲み薬1回分の)『服用量』 / (痛いこと・いやなことの)1回分,一定量 / (人などが受ける放射線の)線量 / 性病 / (…を)…に投薬する,服用させる《+『名』+『with』+『名』》",1042
drum,『太鼓』,"『太鼓』,ドラム / 太鼓の音;太鼓のような音 / (形が)太鼓状のもの;(機械の)ドラム;ドラムかんなど / =tympanic membrane / 太鼓を打つ(鳴らす) / (…でテーブル・床などを)ドンドン打つ,トントンたたく,踏みならす《+『on』+『名』+『with』+『名』》 / …をドンドン(トントン)打つ(鳴らす) / 《話》(人の頭などに)〈考えなど〉をたたき込む,教え込む《+『名』+『into』+『名』》 / (…から)〈人〉を追放(除名)する《+『名』+『out of』+『名』》",1043
embed,(コンクリートなどに)…を埋める,"(コンクリートなどに)…を埋める,はめ込む《+『名』+『in』+『名』》;(…を)…に埋める《+『名』+『with』+『名』》 / (心などに)…を深くとどめる《+『名』+『in』+『名』》",1044
evacuate,…を明け渡す,"…を明け渡す,から撤退する / (危険な所から安全な所へ)…を移動させる,疎開させる《+『名』+『from』+『名』+『to』+『名』》 / 《文》…をからにする / 《文》(…から)〈排出物〉を出す,排出する,《+『名』+『from』+『名』》",1045
expedite,〈物事〉の進行を早める,"〈物事〉の進行を早める,促進する / 〈仕事など〉を手早くかたづける,てきぱきと処理する",1046
extinguisher,(また) ,(また) / 消火器,1047
familiarity,〈U〉(物事を)『よく知っていること』,"〈U〉(物事を)『よく知っていること』,精通していること《+『with』+『名』》 / 〈U〉(人に対する)親しさ,親密さ《+『with』+『名』》 / 〈U〉なれなれしさ,ずうずうしさ / 《しばしば複数形で》なれなれしい言動",1048
flaw,(ガラス・陶器などの)割れ目,"(ガラス・陶器などの)割れ目,ひび,傷 / (…の)欠点,欠陥《+『in』+『名』》 / …に傷をつける / 傷ができる",1049
fluctuate,動揺する,"動揺する,変動する,上下する",1050
fluent,(人が)『流ちょうにしゃべれる』,"(人が)『流ちょうにしゃべれる』,すらすら書くことができる / 流ちょうに話された,すらすら書かれた(演奏された);(言葉が)流ちょうな",1051
honestly,正直に,"正直に,公正に; / 《文全体を修飾し,通例文頭で用いて》正直なところ,正直に言って;ほんとうに(really)",1052
housekeep,家事をする,家事をする,1053
hurricane,(西インド緒島などに発生する熱帯性の)ハリケーン,"(西インド緒島などに発生する熱帯性の)ハリケーン,大旋風;大暴風 / (感情などの)激発",1054
hygiene,衛生;衛生学,"衛生;衛生学,衛生法",1055
integral,全体の一部分として欠くことのできない,"全体の一部分として欠くことのできない,完全なものになるに必要な / 完全無欠な / (数学で)整数の",1056
interactive,双方向の、対話式の,双方向の、対話式の,1057
interfere,(…に)『干渉する』,"(…に)『干渉する』,口出しをする(meddle)《+『in』(『with』)+『名』)『wh-節』(『句』,do『ing』)》 / (仕事・状況などの)『妨げとなる』,邪魔になる《+『with』+『名』(do『ing』》",1058
kilogram,キログラム,キログラム,1059
layoff,一時解雇,一時解雇,1060
lightweight,ボクシングの)ライト級の選手(130‐135ポンド(59‐61kg)級) ,ボクシングの)ライト級の選手(130‐135ポンド(59‐61kg)級) / 標準重量以下の人 / (ボクサーがライト級の / 重量の軽い,1061
merit,〈U〉『価値』,"〈U〉『価値』,優秀さ;〈C〉《しばしば複数形で》(賞賛・ほうびに値する)功績,手柄,美点 / 〈C〉《複数形で》(訴訟などで,物事の)理非(問題になっている事柄そのものの良し悪し,ありのままの事実) / 〈賞・罰・非難など〉に値する",1062
necklace,『首飾り』,"『首飾り』,ネックレス",1063
needy,非常に暮らしに困っている ,非常に暮らしに困っている / 《名詞的に;the~》《集合的に;複数扱い》貧困者たち,1064
overpay,〈人〉に多く払い過ぎる;〈金額〉を余分に払い過ぎる,〈人〉に多く払い過ぎる;〈金額〉を余分に払い過ぎる,1065
pamphlet,『パンフレット』,"『パンフレット』,小冊子;(特に時事問題の)小論文",1066
partial,(また『part』)『一部分の』,"(また『part』)『一部分の』,部分的な;不完全な / 不公平な,偏った / 《補語にのみ用いて》(…が)特に好きで《+『to』+『名』》",1067
penalize,罰する,罰する,1068
pollute,(…で)〈水・空気・土など〉を『汚す』,"(…で)〈水・空気・土など〉を『汚す』,『汚染する』,不潔にする《+『名』+『with』(『by』)+『名』(do『ing』)》 / (道徳的に)〈精神〉を汚す,堕落せせる / 〈聖地など〉を冒瀆(とく)する",1069
prescribe,〈守るべき規則・方針など〉を『規定する』,"〈守るべき規則・方針など〉を『規定する』,『勧める』,指示する / 《『prescribe』+『名』〈人〉+『名』〈薬〉=『prescribe』+『名』+『for』+『名』》〈人〉に〈薬〉を処方する / 規定する,資示する / (病人・病気に対して)処方を書く",1070
probable,『ありそうな』,"『ありそうな』,起こりそうな / 起こりそうなこと;何かしそうな人,予想される勝利者,有望な候補者",1071
prominent,『突き出た』,"『突き出た』,隆起した / 目立った,すぐ目につく / 『著名な』;卓越した,傑出した",1072
rainfall,〈C〉降雨,"〈C〉降雨,雨降り / 〈U〉雨量",1073
relocation,移動,"移動,配置転換;《米》[強制]疎開",1074
residence,〈C〉『住宅』,"〈C〉『住宅』,『邸宅』 / 〈U〉『居住』,『滞在』 / 〈C〉在住(滞在)期間",1075
retrieve,(…から)…を取り戻す,"(…から)…を取り戻す,回収する《+『名』+『from』+『名』》 / 〈罪など〉を償う,〈誤りなど〉を訂正する / 〈猟犬が〉〈獲物〉を捜して持って来る / 〈猟犬が〉獲物を持って来る",1076
rider,(馬などに)『乗る人』,"(馬などに)『乗る人』,乗り手 / (契約書などの)追加条項,補足条項",1077
rubber,(またIndia rubber)〈U〉ゴム ,"(またIndia rubber)〈U〉ゴム / 《複数形で》《米》オーバーシューズ(靴の上にはくゴムの防水靴);《英》(ロッククライミング用の)スニーカー / 〈C〉《英》ゴムの製品,消しゴム / 〈C〉こする物 / 〈C〉マッサージ師 / 〈C〉《米俗》コンドーム / ゴム製の / (カードゲームで)ブリッジの三番勝負 / (三番勝負の)決勝戦",1078
rug,(床の一部に敷く)『敷き物』,"(床の一部に敷く)『敷き物』,じゅうたん,もうせん / (敷物用)毛皮 / (特に旅行・キャンプ用などの)ひざ掛け",1079
salespeople,販売員,販売員,1080
sharply,『鋭く』;急に;激しく;明確に;敏感に;抜け目なく,『鋭く』;急に;激しく;明確に;敏感に;抜け目なく,1081
similarity,〈U〉類似,"〈U〉類似,相似(resemblance) / 〈C〉類似点",1082
someday,(将来の)『いつか』,"(将来の)『いつか』,そのうち",1083
spectator,『観客』,"『観客』,見物人,傍観者",1084
stereo,ステロ版,"ステロ版,鉛版(stereotype) / 『ステレオ』(立体音響再生装置)(stereo set) / =stereophonic",1085
storeroom,貯蔵室,"貯蔵室,納戸(なんど)",1086
subsidize,助成金を支給する,助成金を支給する,1087
suspicious,(人物・話などが)『疑わしい』,"(人物・話などが)『疑わしい』,怪しい / 疑い深い,人を疑う / 疑っている",1088
tasty,(特に塩味が)おいしい,"(特に塩味が)おいしい,味が良い / 《話》(特に情報が)おもしろい,興味がある",1089
terrific,(大きさ・程度が)ものすごい ,"(大きさ・程度が)ものすごい / 恐ろしい / 《話》とびきり良い,すばらしい(excellent)",1090
underground,『地下の』 ,"『地下の』 / 《比喩的に》『地下の』,秘密の,隠れた / (運動・映画・出版物などについて)前衛的(実験的)な,アングラの / 『地下に(で)』 / 秘密のうちに,隠れて / 〈C〉(政府や占領軍に反抗する)『地下秘密組織』 / 《英》《the ~》『地下鉄』",1091
unpaid,未払いの,"未払いの,未納の / 無給の,無報酬の",1092
volleyball,〈U〉『バレーボール』,"〈U〉『バレーボール』,排球 / 〈C〉バレーボール用のボール",1093
wheelchair,〈C〉車いす,〈C〉車いす,1094
whoever,《名詞節を導く関係代名詞》(先行詞を含む)…『する[ところの]だれでも』 ,《名詞節を導く関係代名詞》(先行詞を含む)…『する[ところの]だれでも』 / 《譲歩節を導く関係代名詞》『だれが…でも』 / 《疑問代名詞whoの強調形》《話》『いったいだれが』,1095
wool,『羊毛』,"『羊毛』,(ヤギ・ラマなどの)毛 / 『毛糸』 / 『毛織物』,ウール製品 / 羊毛に似たもの;(人間の)ちぢれ毛,(植物の)綿毛 / 羊毛の,毛織物の,ウールの",1096
wrinkle,(布地・皮膚の)『しわ』 ,"(布地・皮膚の)『しわ』 / …に『しわを寄せる』 / 『しわが寄る』 / 気のきいた思いつき,妙案,入れ知恵",1097
accuracy,『正確さ』,"『正確さ』,精密",1098
anyhow,《否定文で》『どうしても』,"《否定文で》『どうしても』,なんとしても(by any means) / 《接続詞的に》いずれにせよ,とにかく(in any case) / どうにかこうにか",1099
appetizer,食欲を促す食物(飲物);前菜,"食欲を促す食物(飲物);前菜,食前酒",1100
arc,『弧』,"『弧』,円弧 / 電弧(2点間を弧状に流れる電流) / 弧を描く / 電弧を生じる",1101
audition,〈C〉視聴テスト,"〈C〉視聴テスト,オーディション(歌手・俳優など声の質や演技を試す審査) / 〈U〉聴力,聴くこと / 〈歌手・俳優などの能力〉を視聴審査する / 〈歌手・俳優などが〉(ある役に対して)視聴審査を受ける《+『for』+『名』》",1102
backpack,背のう(リュックサック・ナップサックなど) ,"背のう(リュックサック・ナップサックなど) / リュックサックを背おって行く / 〈リュックサックなど〉を背おう;〈物〉を背のうで運ぶ バックパック[リュックサック](を背負って旅行する), バックパックに入れる",1103
ballroom,(ホテルなどの)舞踏室,"(ホテルなどの)舞踏室,ダンス場",1104
beneficial,有益な,"有益な,ためになる",1105
biography,〈C〉『伝記』 ,〈C〉『伝記』 / 〈U〉《集合的に》伝記文学,1106
bound,《副詞[句]を伴って》『はね上がる』,"《副詞[句]を伴って》『はね上がる』,はね飛ぶ,はね返る / 〈心が〉おどる,わくわくする / 『はずみ』,はね返り;『跳躍』 / 《複数形で》(…の)『境界』,境界線(boundary)《+『of』+『名』》 / 《複数形で》(…の)『限度』,限界,範囲(limits)《+『of』+『名』》 / 《複数形で》領域,管内,区域[内] / 《通例受動態で》〈国など〉と『境を接する』 / 〈行動・欲望など〉を制限する,押える / 境を接する / 《補語にのみ用いて》(…へ)『行く途上にある』;(…)『行きの』《+『for』+『名』》 / 《複合語を作って》「…行きの」の意を表す / bindの過去・過去分詞 / 『縛られた』 / 《補語にのみ用いて》《『be bound to』 do》…する『義務がある』 / 《補語にのみ用いて》《『be bound to』 do》『きっと…する』 / 〈本が〉製本された / 《補語にのみ用いて》《米語》《『be bound to』 do》…する決心をしている / 《複合語を作って》「…に縛られた,閉ざされた」の意を表す",1107
broom,〈C〉(長い柄のついた)『ほうき』 ,〈C〉(長い柄のついた)『ほうき』 / 〈U〉エニシダ(荒野に自生する植物),1108
cheeseburger,チーズをのせたハンバーガー,チーズをのせたハンバーガー,1109
chilly,『冷え冷えする』,"『冷え冷えする』,うすら寒い / 冷淡な,よそよそしい",1110
circus,『サーカス』 ,"『サーカス』 / サーカス団,(特に)地方巡業をするサーカス一座 / (階段座席に囲まれ,しばしば天幕でおおわれた)円形の曲馬場,円形曲芸場 / (古代ローマの)野外大競技場 / 《英》(放射街路の集まる)円形広場",1111
compliment,『賛辞』,"『賛辞』,ほめ言葉;おせじ / (行為・言葉による)敬意 / 《複数形で》あいさつの言葉 / (…で)〈人〉に敬意を表す《+『名』+『with』+『名』》 / (…について)〈人〉を『ほめる』,にお祝の言葉を述べる《+『名』+『on』+『名』(do『ing』)》",1112
consignment,(商品の)委託;〈C〉委託貨物,"(商品の)委託;〈C〉委託貨物,積送品,入荷品",1113
continental,大陸の,"大陸の,大陸的な(に特有の) / 《しばしばC-》ヨーロッパ大陸の / 《C-》(米国独立戦争当時の)アメリカ植民地の / 大陸の住人;《しばしばC-》(英国人やアイルランド人から見て)ヨーロッパ本土の人 / 《C-》(米国独立戦争当時の)アメリカ兵",1114
copyright,著作権,"著作権,版権 / …を著作権(版権)で保護する;…の著作権(版権)を取得する / 著作権(版権)のある",1115
countryside,『いなか』,"『いなか』,地方,田園 / 《集合的に》地方の住民",1116
demolish,〈古い建物など〉を取り壊す,"〈古い建物など〉を取り壊す,破壊する / 〈計画・制度など〉をくつがえす / 《話》〈食べ物〉をぺろりと平らげる",1117
departmental,部門[別]の;各部(局,"部門[別]の;各部(局,省)の",1118
desperate,『自暴自棄の』,"『自暴自棄の』,『やけくその』 / 《補語にのみ用いて》切望している / (回復・改善などの)見込みがない,ほとんど望みがない / がまんできない,耐えられない / 死にもの狂いの,一か八かの",1119
devastate,…を荒廃させる,"…を荒廃させる,荒らす / (突然の知らせなどで)〈人など〉を打ちひしぐ,混乱させる",1120
diagnostic,診断の,"診断の,診断のために役立つ",1121
diagram,説明図,"説明図,略図;図表,予定表,グラフ;図解 / …を図解する,図示する,の図表を作る",1122
diamond,『ダイヤモンド』,"『ダイヤモンド』,ダイヤ,金剛石 / ガラス切り / 菱(ひし)形[のもの] / (カードの)ダイヤの札 / (野球の)内野;野球場 / ダイヤモンド製の;ダイヤモンド入りの / ダイヤモンド形の / ダイヤモンド記念の(結婚記念日などが75回目,または60回目)",1123
disable,《しばしば受動態で》…を役に立たなくする,"《しばしば受動態で》…を役に立たなくする,無力にする,動けなくする / 《文》(…から)…を失格させる,無能力にする《+『名』+『from』+『名』(do『ing』)》",1124
disgust,(…で)〈人〉に『吐き気を催させる』,"(…で)〈人〉に『吐き気を催させる』,むかむかさせる《+『名』+『at』(『with』)+『名』》 / (…に対する)『いや気』,嫌悪,むかつき《+『at』(『for, toward』)+『名』》",1125
donut,=doughnut,=doughnut,1126
doorman,(ホテル・クラブなどの)ドア[開閉]係 ,(ホテル・クラブなどの)ドア[開閉]係 / =doorkeeper,1127
electronically,電子的に,電子的に,1128
elevate,(ある高さに)…を『上げる』,"(ある高さに)…を『上げる』,の程度を高める《『名』+『to』+『名』》 / (知的・精神的に)…を向上させる,高める / (…から…に)〈人〉を昇進させる《+『from』+『名』+『to』+『名』》",1129
engagement,〈C〉『約束』,"〈C〉『約束』,契約,取り決め;(会合などの)約束,予約《+『for』+『名』》;(人との)約束《+『with』+『名』》 / 〈C〉『婚約』;婚約期間 / 〈C〉雇用;雇用期間 / 〈C〉会戦,交戦 / 《複数形で》債務,負債 / 〈U〉〈C〉(歯車などの)かみ合わせ",1130
enrollment,登録、入学,登録、入学,1131
euro,ユーロ,ユーロ,1132
forbid,〈人〉に〈物事〉を『禁じる』,"〈人〉に〈物事〉を『禁じる』,禁止する",1133
fork,(食卓用の)『フォーク』 ,"(食卓用の)『フォーク』 / くま手,またぐわ / (川・道路などの)分岐点;別れ道,分流,分枝 / 〈干し草など〉をくま手でかき上げる(刺す) / (川・道路・枝などが)分岐する / 〈人が〉(左右の)別れ道をとる",1134
foster,〈里子など〉を『養育する』,"〈里子など〉を『養育する』,〈病人など〉の世話をする / 〈親善関係・理解など〉を促進する,〈才能・興味など〉を助長する(promote) / …を心に抱く(cherish) / 育ての,里親の",1135
getaway,逃亡,"逃亡,逃走(escape) / (競走・車などの)スタート",1136
gossip,(特に他人の私事についての)『うわさ話』 ,"(特に他人の私事についての)『うわさ話』 / 〈U〉(新聞などの)ゴシップ,閑話 / 〈C〉うわさ話の好きな人,おしゃべりな人 / (他人の私事などについて…と)『うわさ話をする』,むだ話をする《+『about』+『名』(do『ing』)+『with』+『名』》",1137
hacker,ハッカー,ハッカー,1138
hardworking,働き者の,"働き者の,勤勉な",1139
impatient,『我慢しきれない』,"『我慢しきれない』,もどかしそうな,性急な / 《補語にのみ用いて》『待ちかねて』,切望して",1140
indirect,(道などが)『真っすぐでない』,"(道などが)『真っすぐでない』,回り道の / (話し方が)遠回しの,率直でない / (結果などが)『間接的な』,二次的な",1141
interpreter,通訳[者],通訳[者],1142
intersection,〈C〉(特に道路の)交差点 ,〈C〉(特に道路の)交差点 / 〈U〉交差,1143
irrelevant,見当違いの;取るに足りない,見当違いの;取るに足りない,1144
jeans,ジーンズ,ジーンズ,1145
journalism,『ジャーナリズム』(新聞雑誌・テレビなど報道業;その世界) ,"『ジャーナリズム』(新聞雑誌・テレビなど報道業;その世界) / 《集合的に》新聞雑誌 / (大学の)新聞学科,ジャーナリズム科 / 新聞雑誌[向き]の文[章]",1146
letterhead,レターヘッド(便せんの上部に印刷した発信者の住所・氏名など) ,レターヘッド(便せんの上部に印刷した発信者の住所・氏名など) / レターヘッドのついた便せん,1147
lifeguard,(海水浴場などの)看視人,"(海水浴場などの)看視人,見張り人",1148
modem,モデム,モデム,1149
monument,(人物・事件などの)『記念碑』,"(人物・事件などの)『記念碑』,記念像,記念建造物《+『to』+『名』》 / (故人への)墓碑(tombstone);(地所を示す)標識 / 遺物,遺跡;景勝地 / (…の)後世に残る偉業,金字塔《+『of』+『名』》",1150
mosquito,『カ』(蚊),『カ』(蚊),1151
obligate,《受動態で》(道徳上または法律上)〈人〉に義務を負わせる;〈人〉に(…する)義務を負わせる《+『名』+『to』 do》,《受動態で》(道徳上または法律上)〈人〉に義務を負わせる;〈人〉に(…する)義務を負わせる《+『名』+『to』 do》,1152
oblige,〈人〉に『義務を負わせる』,"〈人〉に『義務を負わせる』,強制する / 〈人〉に親切にする,の願いをかなえる",1153
occurrence,〈U〉(事件などが)『起こること』,"〈U〉(事件などが)『起こること』,発生 / 〈C〉『でき事』,事件",1154
operational,操作上の ,"操作上の / 作戦上の / (航空機などが)いつでも使用できる,操作できる",1155
outage,(機械の)停止;停電,(機械の)停止;停電,1156
overcrowd,(人,"(人,物を)…に詰め込み過ぎる《+名+with+名》",1157
paralegal,弁護士補助員,弁護士補助員,1158
partially,部分的に,"部分的に,一部分 / 不公平に,偏って",1159
pepper,〈U〉『こしょう』 ,〈U〉『こしょう』 / 〈C〉コショウ科の植物 / 〈C〉こしょうの実 / …にこしょうをかける / (繰り返し…を)…に振りかける《+『名』+『with』+『名』》,1160
permanently,永久に,"永久に,不変に",1161
plow,耕す、すき,耕す、すき,1162
query,質問,"質問,疑問・疑問符(?)・(不審・疑問を感じて)〈人〉に質問する,〈人の気持ちなど〉を問いただす・〈物事〉に疑問をいだく,を不審に思う・(コンピュータ)質問, 問い合わせ (特定の情報の検索をデータベースに要求すること)",1163
railway,《英》=railroad ,"《英》=railroad / 〈C〉《米》(一般に)線路,軌道",1164
raincoat,レインコート,レインコート,1165
reconsider,…を再考する,"…を再考する,考え直す",1166
redesign,再設計する,再設計する,1167
rehearsal,(劇などの)けいこをすること,"(劇などの)けいこをすること,リハーサル / 《文》(経験などを)話すこと;物語",1168
relaxation,(…を)ゆるめること,"(…を)ゆるめること,緩和すること;(…を)ゆるみ;(規則などの)緩和,軽減《+『of』+『名』》 / 休養,くつろぎ,気晴らし,娯楽(diversion)",1169
repetition,(…を)『繰り返すこと,"(…を)『繰り返すこと,反復すること』;(…の)暗唱《+『of』+『名』》 / (…の)写し,複写,模写(copy),模倣《+『of』+『名』》",1170
retreat,(…から…へ)『退却する』,"(…から…へ)『退却する』,後退する《+『from』+『名』+『to』(『into』)+『名』》 / (…から…へ)去る,逃げる《+『from』+『名』+『to』(『into』)+『名』(do『ing』)》 / 〈U〉〈C〉(…から…へ)『退却すること』,退散《+『from』+『名』+『to』+『名』》 / 〈U〉《the ~》退却の合図 / 〈C〉(…からの)隠退所,避難所《+『from』+『名』》",1171
salon,(上流家庭の)客間,"(上流家庭の)客間,大広間 / (昔のフランスで,上流貴婦人の開いた)招待会;社交界 / 美術品展示場(室),画廊 / 《米》(美容・服飾などの)店",1172
satellite,衛星(主惑星を回転する天体物)・人工衛星・衛星国家・従者,衛星(主惑星を回転する天体物)・人工衛星・衛星国家・従者,1173
scenery,《集合的に》『風景』,"《集合的に》『風景』,景色 / (劇・映画などの)舞台装置,舞台背景,道具立て",1174
serial,(雑誌などの)連載物;定期刊行物;(テレビ・ラジオなどの)続き物,"(雑誌などの)連載物;定期刊行物;(テレビ・ラジオなどの)続き物,連続物 / 続き物の,連続物の / 連続している,順次の",1175
sew,縫い物をする,"縫い物をする,ミシンをかける / 〈布など〉を『縫う』;(…に)…を縫いつける(込む)《+『名』+『on』(『in,into,inside』)+『名』》 / 〈衣服など〉を縫って作る(直す)",1176
sketch,(…の)『スケッチ』,"(…の)『スケッチ』,素描,写生画《+『of』+『名』》 / (…の)『草案』,下書き;(事実などの)概略,大要《+『of』+『名』》 / (文芸作品の)小品,短編,(レビュー・ミュージカルなどの)寸劇 / …を『スケッチする』,写生する / …を略述する《+『in』(『out』)+『名』》 / スケッチ(写生)する",1177
smartphone,スマートフォン,スマートフォン,1178
soar,〈ワシなどが〉『空高く飛ぶ』,"〈ワシなどが〉『空高く飛ぶ』,舞い上がる / 〈山などが〉そびえ立つ,高くそびえる(進行形にできない) / 〈物価などが〉『急に上る』 / 〈希望・元気・想像力などが〉高まる",1179
stimulus,刺激[するもの],刺激[するもの],1180
stockbroker,株式仲買人,株式仲買人,1181
tablecloth,テーブル掛け,"テーブル掛け,テーブルクロス",1182
thirsty,(人が)『のどの渇いた』 ,"(人が)『のどの渇いた』 / (物事が)のどを渇かせる / (土地・植物などが)乾いた / 《補語にのみ用いて》《be thirsty for+名》…を『渇望(熱望)している』,しきりに求めている",1183
thrill,(喜び・恐れ・興奮などで)『ぞくぞくする感じ』,"(喜び・恐れ・興奮などで)『ぞくぞくする感じ』,ぞっとする(わくわくする)感じ,スリル / 『ぞくぞくさせるもの』,ぞっと(わくわく)させるもの / …を『ぞくぞくさせる』,ぞっと(わくわく)させる / (…に)ぞくぞくする,ぞっとする,わくわくする《+at(to)+名》",1184
tile,(床・壁用の)『タイル』;屋根がわら;《集合的に》タイル,"(床・壁用の)『タイル』;屋根がわら;《集合的に》タイル,かわら / (ドミノなどゲームの)こま,(マージャンの)牌 / (下水・煙突などの)土管,コンクリート管 / …にタイルを張る;〈屋根〉をかわらでふく",1185
toiletry,化粧品(オーデコロン・石けんなど),化粧品(オーデコロン・石けんなど),1186
trademark,商標 ,商標 / (ある人に特有の)行動様式 / …に商標を付ける / …を商標として登録する,1187
tropical,『熱帯の』,"『熱帯の』,熱帯性の,熱帯産の / 酷暑の",1188
tuna,〈C〉(また tunny)マグロ ,"〈C〉(また tunny)マグロ / (また tunny, tuna fish)マグロの肉 / サボテンの一種",1189
unemployed,仕事のない,"仕事のない,失業した / 利用してない,遊ばせてある / 失業者",1190
validate,…を法的に有効とする ,…を法的に有効とする / …を正当であると証明する,1191
vanilla,〈C〉熱帯産のラン科のつる植物 ,〈C〉熱帯産のラン科のつる植物 / (またvanilla bean)〈C〉その実 / 〈U〉バニラエッセンス(その実から採る香料;アイスクリームやケーキなどに入る),1192
willingness,喜んですること;(…喜んで)(…する)気持ち《+to do》,喜んですること;(…喜んで)(…する)気持ち《+to do》,1193
wristwatch,腕時計,腕時計,1194
abide,(ある状態に)とどまる;残る ,"(ある状態に)とどまる;残る / 住む / 《まれ》…をじっと待つ / 《否定文・疑問文で》…をがまんする,に耐える",1195
actively,活発に;積極的に,活発に;積極的に,1196
allergy,アレルギー,"アレルギー,異常過敏症",1197
apprehensive,『心配した』,"『心配した』,気づかった",1198
automotive,自動の,"自動の,自動推進の / 自動車の",1199
bacteria,『バクテリア』,"『バクテリア』,細菌",1200
broaden,…を広くする,"…を広くする,広げる / 広くなる,広がる",1201
bulb,『球根』(ユリ・タマネギなどの地下茎),"『球根』(ユリ・タマネギなどの地下茎),りん(鱗)茎,球茎 / 球根状のもの;電球,真空管",1202
by-law,条例、内規,条例、内規,1203
cheer,〈C〉『歓呼』,"〈C〉『歓呼』,かっさい / 〈U〉『励まし』,激励,応援 / 〈U〉陽気,元気,浮き浮きした気分 / 〈U〉気分,きげん / 〈人〉を『元気づける』,励ます / 〈人〉に歓呼する,かっさいする / 〈人が〉『歓呼する』,かっさいする",1204
complication,〈U〉〈C〉複雑[な状態],"〈U〉〈C〉複雑[な状態],紛糾[状態] / 〈U〉(…を)複雑にすること《+『of』+『名』》 / 〈C〉複雑な(やっかいな)事を引き起こすもの /〈C〉合併症, 併発症, 併発, 余病",1205
considerate,『思いやりのある』,『思いやりのある』,1206
daytime,『昼間』,『昼間』,1207
decoration,〈U〉『装飾』,"〈U〉『装飾』,飾りつけること / 〈C〉《複数形で》『装飾物』,飾りつけ / 〈C〉勲章",1208
discard,〈不用品・習慣など〉を『捨てる』,"〈不用品・習慣など〉を『捨てる』,廃棄する / 〈人〉を解雇する / (カードゲームで)〈不用の札〉を捨てる / 〈C〉捨てられた物(人) / 〈U〉廃棄 / 〈U〉(カードゲームで)手札の投げ出し〈C〉捨て札",1209
drastically,徹底的に,"徹底的に,猛烈に",1210
erase,(…から)〈文字など〉を『ふいて消す』,"(…から)〈文字など〉を『ふいて消す』,削除する,取り消す《+『名』+『from』+『名』》 / …の文字(絵など)を消す / (記憶などから)…を消し去る,ぬぐい去る《+『名』+『from』+『名』》",1211
explorer,探検家,探検家,1212
factual,事実の,"事実の,事実に基づく",1213
fixture,(住宅などに取り付けた)付属設備 ,(住宅などに取り付けた)付属設備 / (同一職業・地位などに)長く留まっている人 / (一定の期日に行われる)競技[種目],1214
footwear,はき物(靴・スリッパ・サンダル・ブーツなど),はき物(靴・スリッパ・サンダル・ブーツなど),1215
genre,(芸術・文学作品における)形式,"(芸術・文学作品における)形式,種類,様式,ジャンル / 風俗画 / 日常生活を描いた;風俗画の",1216
gymnasium,(また《話》『gym』)『体育館』,"(また《話》『gym』)『体育館』,屋内体操場 / 《G-》(ドイツの)9年制高等学校",1217
hereby,これによって,これによって,1218
hesitation,『ためらい』,"『ためらい』,ちゅうちょ / 口ごもり",1219
homemade,自家製の ,自家製の / 国産の,1220
hospitality,〈U〉(客や他人に対する)『親切なもてなし』,"〈U〉(客や他人に対する)『親切なもてなし』,歓待 / 〈C〉もてなす心",1221
incoming,入って来る ,入って来る / 次に来る,1222
induction,〈C〉《米》募兵 ,"〈C〉《米》募兵 / 〈C〉(聖職・公職などへの)就任,就任式 / 〈U〉〈C〉(…を)引き起こすこと《+『to』+『名』》 / 〈U〉(電気の)誘導 / 〈U〉〈C〉(論理学・数学で)帰納,帰納法",1223
inspiration,〈U〉『霊感』,"〈U〉『霊感』,インスピレーション / 〈C〉インスピレーション(霊感,激励)を与える人(物,事) / (霊感によって得た)すばらしい考え(行動),天来の妙案 / 〈U〉息を吸いこむこと(inhalation)",1224
intently,熱心に,"熱心に,専心して",1225
mower,(また『mowing machine』)(人が乗って動かす)草(穀物)刈り機 ,(また『mowing machine』)(人が乗って動かす)草(穀物)刈り機 / (また『law mower』)芝刈り機 / 草(穀物)を刈る人,1226
nutrition,(生物の)栄養摂取 ,"(生物の)栄養摂取 / 栄養分,食物",1227
restatement,言い換え,言い換え,1228
sedan,《米》セダン(2ドアまたは4ドアの箱型の自動車) ,《米》セダン(2ドアまたは4ドアの箱型の自動車) / =sedan chair,1229
sunscreen,日焼け止め,日焼け止め,1230
wellness,健康、ウェルネス,健康、ウェルネス,1231
workbook,学習帳,"学習帳,ワークブック / (仕事の)指導書 / 作業計画(学習)記録簿",1232
bookcase,『本箱』・書だな,『本箱』・書だな,1233
cleanliness,きれい好き;清潔,きれい好き;清潔,1234
contestant,争う人,"争う人,競争相手,(競技会などの)出場者",1235
ethics,《単数扱い》『倫理学』 ,"《単数扱い》『倫理学』 / 《複数扱い》『倫理』,道徳[律],規範",1236
healthful,健康によい,"健康によい,健康を増進させる",1237
inefficient,(人が)役に立たない,"(人が)役に立たない,無能の;(機械・方法などが)役に立たない,能率の上がらない",1238
liter,リットル,リットル,1239
recession,〈U〉景気後退 ,"〈U〉景気後退 / 不況 / 〈U〉後退 / 退去,退出",1240
timeline,予定表、タイムライン,予定表、タイムライン,1241
unreliable,当てにならない,"当てにならない,信頼できない",1242
acclaim,絶賛する ,"絶賛する / 喝采,称賛,絶賛",1243
chronic,(病気が)長期にわたる,"(病気が)長期にわたる,慢性の / 《名詞の前にのみ用いて》常習の,癖になった",1244
deteriorate,…を悪化させる;…の品質などを低下させる ,"…を悪化させる;…の品質などを低下させる / 〈人格・品質・価値などが〉悪化する,低下する",1245
resemble,…に『似ている』,"…に『似ている』,と共通点がある(受動態や進行形にできない)",1246
unauthorized,権限のない、未認可の,権限のない、未認可の,1247
violate,〈約束・法律・条約など〉を『破る』,"〈約束・法律・条約など〉を『破る』,犯す / 《おもに文》〈静けさなど〉を乱す,妨害する / 〈神聖なもの〉を汚す / 《文》《遠回しに》〈女性〉に暴行を加える、強姦する(rape)",1248
unplug,〈電気器具〉のプラグを抜く ,〈電気器具〉のプラグを抜く / …の栓(せん)を抜く,1249
videoconference,テレビ会議,テレビ会議,1250
